[2025-09-10 06:51:07] local.ERROR: SQLSTATE[HY000]: General error: 1 table items has no column named name (Connection: sqlite, SQL: insert into "items" ("name", "updated_at", "created_at") values (Test Item, 2025-09-10 06:51:07, 2025-09-10 06:51:07)) {"exception":"[object] (Illuminate\\Database\\QueryException(code: HY000): SQLSTATE[HY000]: General error: 1 table items has no column named name (Connection: sqlite, SQL: insert into \"items\" (\"name\", \"updated_at\", \"created_at\") values (Test Item, 2025-09-10 06:51:07, 2025-09-10 06:51:07)) at /home/hackerearth348/Downloads/CourseItemManagement (1)/CourseItemManagement/backend/vendor/laravel/framework/src/Illuminate/Database/Connection.php:825)
[stacktrace]
#0 /home/hackerearth348/Downloads/CourseItemManagement (1)/CourseItemManagement/backend/vendor/laravel/framework/src/Illuminate/Database/Connection.php(779): Illuminate\\Database\\Connection->runQueryCallback()
#1 /home/hackerearth348/Downloads/CourseItemManagement (1)/CourseItemManagement/backend/vendor/laravel/framework/src/Illuminate/Database/Connection.php(560): Illuminate\\Database\\Connection->run()
#2 /home/hackerearth348/Downloads/CourseItemManagement (1)/CourseItemManagement/backend/vendor/laravel/framework/src/Illuminate/Database/Connection.php(524): Illuminate\\Database\\Connection->statement()
#3 /home/hackerearth348/Downloads/CourseItemManagement (1)/CourseItemManagement/backend/vendor/laravel/framework/src/Illuminate/Database/Query/Processors/Processor.php(32): Illuminate\\Database\\Connection->insert()
#4 /home/hackerearth348/Downloads/CourseItemManagement (1)/CourseItemManagement/backend/vendor/laravel/framework/src/Illuminate/Database/Query/Builder.php(3766): Illuminate\\Database\\Query\\Processors\\Processor->processInsertGetId()
#5 /home/hackerearth348/Downloads/CourseItemManagement (1)/CourseItemManagement/backend/vendor/laravel/framework/src/Illuminate/Database/Eloquent/Builder.php(2120): Illuminate\\Database\\Query\\Builder->insertGetId()
#6 /home/hackerearth348/Downloads/CourseItemManagement (1)/CourseItemManagement/backend/vendor/laravel/framework/src/Illuminate/Database/Eloquent/Model.php(1359): Illuminate\\Database\\Eloquent\\Builder->__call()
#7 /home/hackerearth348/Downloads/CourseItemManagement (1)/CourseItemManagement/backend/vendor/laravel/framework/src/Illuminate/Database/Eloquent/Model.php(1324): Illuminate\\Database\\Eloquent\\Model->insertAndSetId()
#8 /home/hackerearth348/Downloads/CourseItemManagement (1)/CourseItemManagement/backend/vendor/laravel/framework/src/Illuminate/Database/Eloquent/Model.php(1163): Illuminate\\Database\\Eloquent\\Model->performInsert()
#9 /home/hackerearth348/Downloads/CourseItemManagement (1)/CourseItemManagement/backend/vendor/laravel/framework/src/Illuminate/Database/Eloquent/Builder.php(1128): Illuminate\\Database\\Eloquent\\Model->save()
#10 /home/hackerearth348/Downloads/CourseItemManagement (1)/CourseItemManagement/backend/vendor/laravel/framework/src/Illuminate/Support/helpers.php(399): Illuminate\\Database\\Eloquent\\Builder->{closure:Illuminate\\Database\\Eloquent\\Builder::create():1127}()
#11 /home/hackerearth348/Downloads/CourseItemManagement (1)/CourseItemManagement/backend/vendor/laravel/framework/src/Illuminate/Database/Eloquent/Builder.php(1127): tap()
#12 /home/hackerearth348/Downloads/CourseItemManagement (1)/CourseItemManagement/backend/vendor/laravel/framework/src/Illuminate/Support/Traits/ForwardsCalls.php(23): Illuminate\\Database\\Eloquent\\Builder->create()
#13 /home/hackerearth348/Downloads/CourseItemManagement (1)/CourseItemManagement/backend/vendor/laravel/framework/src/Illuminate/Database/Eloquent/Model.php(2372): Illuminate\\Database\\Eloquent\\Model->forwardCallTo()
#14 /home/hackerearth348/Downloads/CourseItemManagement (1)/CourseItemManagement/backend/vendor/laravel/framework/src/Illuminate/Database/Eloquent/Model.php(2384): Illuminate\\Database\\Eloquent\\Model->__call()
#15 /home/hackerearth348/Downloads/CourseItemManagement (1)/CourseItemManagement/backend/app/Http/Controllers/ItemController.php(26): Illuminate\\Database\\Eloquent\\Model::__callStatic()
#16 /home/hackerearth348/Downloads/CourseItemManagement (1)/CourseItemManagement/backend/vendor/laravel/framework/src/Illuminate/Routing/Controller.php(54): App\\Http\\Controllers\\ItemController->store()
#17 /home/hackerearth348/Downloads/CourseItemManagement (1)/CourseItemManagement/backend/vendor/laravel/framework/src/Illuminate/Routing/ControllerDispatcher.php(44): Illuminate\\Routing\\Controller->callAction()
#18 /home/hackerearth348/Downloads/CourseItemManagement (1)/CourseItemManagement/backend/vendor/laravel/framework/src/Illuminate/Routing/Route.php(266): Illuminate\\Routing\\ControllerDispatcher->dispatch()
#19 /home/hackerearth348/Downloads/CourseItemManagement (1)/CourseItemManagement/backend/vendor/laravel/framework/src/Illuminate/Routing/Route.php(212): Illuminate\\Routing\\Route->runController()
#20 /home/hackerearth348/Downloads/CourseItemManagement (1)/CourseItemManagement/backend/vendor/laravel/framework/src/Illuminate/Routing/Router.php(808): Illuminate\\Routing\\Route->run()
#21 /home/hackerearth348/Downloads/CourseItemManagement (1)/CourseItemManagement/backend/vendor/laravel/framework/src/Illuminate/Pipeline/Pipeline.php(170): Illuminate\\Routing\\Router->{closure:Illuminate\\Routing\\Router::runRouteWithinStack():807}()
#22 /home/hackerearth348/Downloads/CourseItemManagement (1)/CourseItemManagement/backend/vendor/laravel/framework/src/Illuminate/Routing/Middleware/SubstituteBindings.php(51): Illuminate\\Pipeline\\Pipeline->{closure:Illuminate\\Pipeline\\Pipeline::prepareDestination():168}()
#23 /home/hackerearth348/Downloads/CourseItemManagement (1)/CourseItemManagement/backend/vendor/laravel/framework/src/Illuminate/Pipeline/Pipeline.php(209): Illuminate\\Routing\\Middleware\\SubstituteBindings->handle()
#24 /home/hackerearth348/Downloads/CourseItemManagement (1)/CourseItemManagement/backend/vendor/laravel/framework/src/Illuminate/Routing/Middleware/ThrottleRequests.php(161): Illuminate\\Pipeline\\Pipeline->{closure:{closure:Illuminate\\Pipeline\\Pipeline::carry():184}:185}()
#25 /home/hackerearth348/Downloads/CourseItemManagement (1)/CourseItemManagement/backend/vendor/laravel/framework/src/Illuminate/Routing/Middleware/ThrottleRequests.php(127): Illuminate\\Routing\\Middleware\\ThrottleRequests->handleRequest()
#26 /home/hackerearth348/Downloads/CourseItemManagement (1)/CourseItemManagement/backend/vendor/laravel/framework/src/Illuminate/Routing/Middleware/ThrottleRequests.php(89): Illuminate\\Routing\\Middleware\\ThrottleRequests->handleRequestUsingNamedLimiter()
#27 /home/hackerearth348/Downloads/CourseItemManagement (1)/CourseItemManagement/backend/vendor/laravel/framework/src/Illuminate/Pipeline/Pipeline.php(209): Illuminate\\Routing\\Middleware\\ThrottleRequests->handle()
#28 /home/hackerearth348/Downloads/CourseItemManagement (1)/CourseItemManagement/backend/vendor/laravel/framework/src/Illuminate/Pipeline/Pipeline.php(127): Illuminate\\Pipeline\\Pipeline->{closure:{closure:Illuminate\\Pipeline\\Pipeline::carry():184}:185}()
#29 /home/hackerearth348/Downloads/CourseItemManagement (1)/CourseItemManagement/backend/vendor/laravel/framework/src/Illuminate/Routing/Router.php(807): Illuminate\\Pipeline\\Pipeline->then()
#30 /home/hackerearth348/Downloads/CourseItemManagement (1)/CourseItemManagement/backend/vendor/laravel/framework/src/Illuminate/Routing/Router.php(786): Illuminate\\Routing\\Router->runRouteWithinStack()
#31 /home/hackerearth348/Downloads/CourseItemManagement (1)/CourseItemManagement/backend/vendor/laravel/framework/src/Illuminate/Routing/Router.php(750): Illuminate\\Routing\\Router->runRoute()
#32 /home/hackerearth348/Downloads/CourseItemManagement (1)/CourseItemManagement/backend/vendor/laravel/framework/src/Illuminate/Routing/Router.php(739): Illuminate\\Routing\\Router->dispatchToRoute()
#33 /home/hackerearth348/Downloads/CourseItemManagement (1)/CourseItemManagement/backend/vendor/laravel/framework/src/Illuminate/Foundation/Http/Kernel.php(201): Illuminate\\Routing\\Router->dispatch()
#34 /home/hackerearth348/Downloads/CourseItemManagement (1)/CourseItemManagement/backend/vendor/laravel/framework/src/Illuminate/Pipeline/Pipeline.php(170): Illuminate\\Foundation\\Http\\Kernel->{closure:Illuminate\\Foundation\\Http\\Kernel::dispatchToRouter():198}()
#35 /home/hackerearth348/Downloads/CourseItemManagement (1)/CourseItemManagement/backend/vendor/laravel/framework/src/Illuminate/Foundation/Http/Middleware/TransformsRequest.php(21): Illuminate\\Pipeline\\Pipeline->{closure:Illuminate\\Pipeline\\Pipeline::prepareDestination():168}()
#36 /home/hackerearth348/Downloads/CourseItemManagement (1)/CourseItemManagement/backend/vendor/laravel/framework/src/Illuminate/Foundation/Http/Middleware/ConvertEmptyStringsToNull.php(31): Illuminate\\Foundation\\Http\\Middleware\\TransformsRequest->handle()
#37 /home/hackerearth348/Downloads/CourseItemManagement (1)/CourseItemManagement/backend/vendor/laravel/framework/src/Illuminate/Pipeline/Pipeline.php(209): Illuminate\\Foundation\\Http\\Middleware\\ConvertEmptyStringsToNull->handle()
#38 /home/hackerearth348/Downloads/CourseItemManagement (1)/CourseItemManagement/backend/vendor/laravel/framework/src/Illuminate/Foundation/Http/Middleware/TransformsRequest.php(21): Illuminate\\Pipeline\\Pipeline->{closure:{closure:Illuminate\\Pipeline\\Pipeline::carry():184}:185}()
#39 /home/hackerearth348/Downloads/CourseItemManagement (1)/CourseItemManagement/backend/vendor/laravel/framework/src/Illuminate/Foundation/Http/Middleware/TrimStrings.php(51): Illuminate\\Foundation\\Http\\Middleware\\TransformsRequest->handle()
#40 /home/hackerearth348/Downloads/CourseItemManagement (1)/CourseItemManagement/backend/vendor/laravel/framework/src/Illuminate/Pipeline/Pipeline.php(209): Illuminate\\Foundation\\Http\\Middleware\\TrimStrings->handle()
#41 /home/hackerearth348/Downloads/CourseItemManagement (1)/CourseItemManagement/backend/vendor/laravel/framework/src/Illuminate/Http/Middleware/ValidatePostSize.php(27): Illuminate\\Pipeline\\Pipeline->{closure:{closure:Illuminate\\Pipeline\\Pipeline::carry():184}:185}()
#42 /home/hackerearth348/Downloads/CourseItemManagement (1)/CourseItemManagement/backend/vendor/laravel/framework/src/Illuminate/Pipeline/Pipeline.php(209): Illuminate\\Http\\Middleware\\ValidatePostSize->handle()
#43 /home/hackerearth348/Downloads/CourseItemManagement (1)/CourseItemManagement/backend/vendor/laravel/framework/src/Illuminate/Foundation/Http/Middleware/PreventRequestsDuringMaintenance.php(110): Illuminate\\Pipeline\\Pipeline->{closure:{closure:Illuminate\\Pipeline\\Pipeline::carry():184}:185}()
#44 /home/hackerearth348/Downloads/CourseItemManagement (1)/CourseItemManagement/backend/vendor/laravel/framework/src/Illuminate/Pipeline/Pipeline.php(209): Illuminate\\Foundation\\Http\\Middleware\\PreventRequestsDuringMaintenance->handle()
#45 /home/hackerearth348/Downloads/CourseItemManagement (1)/CourseItemManagement/backend/vendor/laravel/framework/src/Illuminate/Http/Middleware/TrustProxies.php(58): Illuminate\\Pipeline\\Pipeline->{closure:{closure:Illuminate\\Pipeline\\Pipeline::carry():184}:185}()
#46 /home/hackerearth348/Downloads/CourseItemManagement (1)/CourseItemManagement/backend/vendor/laravel/framework/src/Illuminate/Pipeline/Pipeline.php(209): Illuminate\\Http\\Middleware\\TrustProxies->handle()
#47 /home/hackerearth348/Downloads/CourseItemManagement (1)/CourseItemManagement/backend/vendor/laravel/framework/src/Illuminate/Pipeline/Pipeline.php(127): Illuminate\\Pipeline\\Pipeline->{closure:{closure:Illuminate\\Pipeline\\Pipeline::carry():184}:185}()
#48 /home/hackerearth348/Downloads/CourseItemManagement (1)/CourseItemManagement/backend/vendor/laravel/framework/src/Illuminate/Foundation/Http/Kernel.php(176): Illuminate\\Pipeline\\Pipeline->then()
#49 /home/hackerearth348/Downloads/CourseItemManagement (1)/CourseItemManagement/backend/vendor/laravel/framework/src/Illuminate/Foundation/Http/Kernel.php(145): Illuminate\\Foundation\\Http\\Kernel->sendRequestThroughRouter()
#50 /home/hackerearth348/Downloads/CourseItemManagement (1)/CourseItemManagement/backend/public/index.php(51): Illuminate\\Foundation\\Http\\Kernel->handle()
#51 /home/hackerearth348/Downloads/CourseItemManagement (1)/CourseItemManagement/backend/server.php(21): require_once('...')
#52 {main}

[previous exception] [object] (PDOException(code: HY000): SQLSTATE[HY000]: General error: 1 table items has no column named name at /home/hackerearth348/Downloads/CourseItemManagement (1)/CourseItemManagement/backend/vendor/laravel/framework/src/Illuminate/Database/Connection.php:565)
[stacktrace]
#0 /home/hackerearth348/Downloads/CourseItemManagement (1)/CourseItemManagement/backend/vendor/laravel/framework/src/Illuminate/Database/Connection.php(565): PDO->prepare()
#1 /home/hackerearth348/Downloads/CourseItemManagement (1)/CourseItemManagement/backend/vendor/laravel/framework/src/Illuminate/Database/Connection.php(812): Illuminate\\Database\\Connection->{closure:Illuminate\\Database\\Connection::statement():560}()
#2 /home/hackerearth348/Downloads/CourseItemManagement (1)/CourseItemManagement/backend/vendor/laravel/framework/src/Illuminate/Database/Connection.php(779): Illuminate\\Database\\Connection->runQueryCallback()
#3 /home/hackerearth348/Downloads/CourseItemManagement (1)/CourseItemManagement/backend/vendor/laravel/framework/src/Illuminate/Database/Connection.php(560): Illuminate\\Database\\Connection->run()
#4 /home/hackerearth348/Downloads/CourseItemManagement (1)/CourseItemManagement/backend/vendor/laravel/framework/src/Illuminate/Database/Connection.php(524): Illuminate\\Database\\Connection->statement()
#5 /home/hackerearth348/Downloads/CourseItemManagement (1)/CourseItemManagement/backend/vendor/laravel/framework/src/Illuminate/Database/Query/Processors/Processor.php(32): Illuminate\\Database\\Connection->insert()
#6 /home/hackerearth348/Downloads/CourseItemManagement (1)/CourseItemManagement/backend/vendor/laravel/framework/src/Illuminate/Database/Query/Builder.php(3766): Illuminate\\Database\\Query\\Processors\\Processor->processInsertGetId()
#7 /home/hackerearth348/Downloads/CourseItemManagement (1)/CourseItemManagement/backend/vendor/laravel/framework/src/Illuminate/Database/Eloquent/Builder.php(2120): Illuminate\\Database\\Query\\Builder->insertGetId()
#8 /home/hackerearth348/Downloads/CourseItemManagement (1)/CourseItemManagement/backend/vendor/laravel/framework/src/Illuminate/Database/Eloquent/Model.php(1359): Illuminate\\Database\\Eloquent\\Builder->__call()
#9 /home/hackerearth348/Downloads/CourseItemManagement (1)/CourseItemManagement/backend/vendor/laravel/framework/src/Illuminate/Database/Eloquent/Model.php(1324): Illuminate\\Database\\Eloquent\\Model->insertAndSetId()
#10 /home/hackerearth348/Downloads/CourseItemManagement (1)/CourseItemManagement/backend/vendor/laravel/framework/src/Illuminate/Database/Eloquent/Model.php(1163): Illuminate\\Database\\Eloquent\\Model->performInsert()
#11 /home/hackerearth348/Downloads/CourseItemManagement (1)/CourseItemManagement/backend/vendor/laravel/framework/src/Illuminate/Database/Eloquent/Builder.php(1128): Illuminate\\Database\\Eloquent\\Model->save()
#12 /home/hackerearth348/Downloads/CourseItemManagement (1)/CourseItemManagement/backend/vendor/laravel/framework/src/Illuminate/Support/helpers.php(399): Illuminate\\Database\\Eloquent\\Builder->{closure:Illuminate\\Database\\Eloquent\\Builder::create():1127}()
#13 /home/hackerearth348/Downloads/CourseItemManagement (1)/CourseItemManagement/backend/vendor/laravel/framework/src/Illuminate/Database/Eloquent/Builder.php(1127): tap()
#14 /home/hackerearth348/Downloads/CourseItemManagement (1)/CourseItemManagement/backend/vendor/laravel/framework/src/Illuminate/Support/Traits/ForwardsCalls.php(23): Illuminate\\Database\\Eloquent\\Builder->create()
#15 /home/hackerearth348/Downloads/CourseItemManagement (1)/CourseItemManagement/backend/vendor/laravel/framework/src/Illuminate/Database/Eloquent/Model.php(2372): Illuminate\\Database\\Eloquent\\Model->forwardCallTo()
#16 /home/hackerearth348/Downloads/CourseItemManagement (1)/CourseItemManagement/backend/vendor/laravel/framework/src/Illuminate/Database/Eloquent/Model.php(2384): Illuminate\\Database\\Eloquent\\Model->__call()
#17 /home/hackerearth348/Downloads/CourseItemManagement (1)/CourseItemManagement/backend/app/Http/Controllers/ItemController.php(26): Illuminate\\Database\\Eloquent\\Model::__callStatic()
#18 /home/hackerearth348/Downloads/CourseItemManagement (1)/CourseItemManagement/backend/vendor/laravel/framework/src/Illuminate/Routing/Controller.php(54): App\\Http\\Controllers\\ItemController->store()
#19 /home/hackerearth348/Downloads/CourseItemManagement (1)/CourseItemManagement/backend/vendor/laravel/framework/src/Illuminate/Routing/ControllerDispatcher.php(44): Illuminate\\Routing\\Controller->callAction()
#20 /home/hackerearth348/Downloads/CourseItemManagement (1)/CourseItemManagement/backend/vendor/laravel/framework/src/Illuminate/Routing/Route.php(266): Illuminate\\Routing\\ControllerDispatcher->dispatch()
#21 /home/hackerearth348/Downloads/CourseItemManagement (1)/CourseItemManagement/backend/vendor/laravel/framework/src/Illuminate/Routing/Route.php(212): Illuminate\\Routing\\Route->runController()
#22 /home/hackerearth348/Downloads/CourseItemManagement (1)/CourseItemManagement/backend/vendor/laravel/framework/src/Illuminate/Routing/Router.php(808): Illuminate\\Routing\\Route->run()
#23 /home/hackerearth348/Downloads/CourseItemManagement (1)/CourseItemManagement/backend/vendor/laravel/framework/src/Illuminate/Pipeline/Pipeline.php(170): Illuminate\\Routing\\Router->{closure:Illuminate\\Routing\\Router::runRouteWithinStack():807}()
#24 /home/hackerearth348/Downloads/CourseItemManagement (1)/CourseItemManagement/backend/vendor/laravel/framework/src/Illuminate/Routing/Middleware/SubstituteBindings.php(51): Illuminate\\Pipeline\\Pipeline->{closure:Illuminate\\Pipeline\\Pipeline::prepareDestination():168}()
#25 /home/hackerearth348/Downloads/CourseItemManagement (1)/CourseItemManagement/backend/vendor/laravel/framework/src/Illuminate/Pipeline/Pipeline.php(209): Illuminate\\Routing\\Middleware\\SubstituteBindings->handle()
#26 /home/hackerearth348/Downloads/CourseItemManagement (1)/CourseItemManagement/backend/vendor/laravel/framework/src/Illuminate/Routing/Middleware/ThrottleRequests.php(161): Illuminate\\Pipeline\\Pipeline->{closure:{closure:Illuminate\\Pipeline\\Pipeline::carry():184}:185}()
#27 /home/hackerearth348/Downloads/CourseItemManagement (1)/CourseItemManagement/backend/vendor/laravel/framework/src/Illuminate/Routing/Middleware/ThrottleRequests.php(127): Illuminate\\Routing\\Middleware\\ThrottleRequests->handleRequest()
#28 /home/hackerearth348/Downloads/CourseItemManagement (1)/CourseItemManagement/backend/vendor/laravel/framework/src/Illuminate/Routing/Middleware/ThrottleRequests.php(89): Illuminate\\Routing\\Middleware\\ThrottleRequests->handleRequestUsingNamedLimiter()
#29 /home/hackerearth348/Downloads/CourseItemManagement (1)/CourseItemManagement/backend/vendor/laravel/framework/src/Illuminate/Pipeline/Pipeline.php(209): Illuminate\\Routing\\Middleware\\ThrottleRequests->handle()
#30 /home/hackerearth348/Downloads/CourseItemManagement (1)/CourseItemManagement/backend/vendor/laravel/framework/src/Illuminate/Pipeline/Pipeline.php(127): Illuminate\\Pipeline\\Pipeline->{closure:{closure:Illuminate\\Pipeline\\Pipeline::carry():184}:185}()
#31 /home/hackerearth348/Downloads/CourseItemManagement (1)/CourseItemManagement/backend/vendor/laravel/framework/src/Illuminate/Routing/Router.php(807): Illuminate\\Pipeline\\Pipeline->then()
#32 /home/hackerearth348/Downloads/CourseItemManagement (1)/CourseItemManagement/backend/vendor/laravel/framework/src/Illuminate/Routing/Router.php(786): Illuminate\\Routing\\Router->runRouteWithinStack()
#33 /home/hackerearth348/Downloads/CourseItemManagement (1)/CourseItemManagement/backend/vendor/laravel/framework/src/Illuminate/Routing/Router.php(750): Illuminate\\Routing\\Router->runRoute()
#34 /home/hackerearth348/Downloads/CourseItemManagement (1)/CourseItemManagement/backend/vendor/laravel/framework/src/Illuminate/Routing/Router.php(739): Illuminate\\Routing\\Router->dispatchToRoute()
#35 /home/hackerearth348/Downloads/CourseItemManagement (1)/CourseItemManagement/backend/vendor/laravel/framework/src/Illuminate/Foundation/Http/Kernel.php(201): Illuminate\\Routing\\Router->dispatch()
#36 /home/hackerearth348/Downloads/CourseItemManagement (1)/CourseItemManagement/backend/vendor/laravel/framework/src/Illuminate/Pipeline/Pipeline.php(170): Illuminate\\Foundation\\Http\\Kernel->{closure:Illuminate\\Foundation\\Http\\Kernel::dispatchToRouter():198}()
#37 /home/hackerearth348/Downloads/CourseItemManagement (1)/CourseItemManagement/backend/vendor/laravel/framework/src/Illuminate/Foundation/Http/Middleware/TransformsRequest.php(21): Illuminate\\Pipeline\\Pipeline->{closure:Illuminate\\Pipeline\\Pipeline::prepareDestination():168}()
#38 /home/hackerearth348/Downloads/CourseItemManagement (1)/CourseItemManagement/backend/vendor/laravel/framework/src/Illuminate/Foundation/Http/Middleware/ConvertEmptyStringsToNull.php(31): Illuminate\\Foundation\\Http\\Middleware\\TransformsRequest->handle()
#39 /home/hackerearth348/Downloads/CourseItemManagement (1)/CourseItemManagement/backend/vendor/laravel/framework/src/Illuminate/Pipeline/Pipeline.php(209): Illuminate\\Foundation\\Http\\Middleware\\ConvertEmptyStringsToNull->handle()
#40 /home/hackerearth348/Downloads/CourseItemManagement (1)/CourseItemManagement/backend/vendor/laravel/framework/src/Illuminate/Foundation/Http/Middleware/TransformsRequest.php(21): Illuminate\\Pipeline\\Pipeline->{closure:{closure:Illuminate\\Pipeline\\Pipeline::carry():184}:185}()
#41 /home/hackerearth348/Downloads/CourseItemManagement (1)/CourseItemManagement/backend/vendor/laravel/framework/src/Illuminate/Foundation/Http/Middleware/TrimStrings.php(51): Illuminate\\Foundation\\Http\\Middleware\\TransformsRequest->handle()
#42 /home/hackerearth348/Downloads/CourseItemManagement (1)/CourseItemManagement/backend/vendor/laravel/framework/src/Illuminate/Pipeline/Pipeline.php(209): Illuminate\\Foundation\\Http\\Middleware\\TrimStrings->handle()
#43 /home/hackerearth348/Downloads/CourseItemManagement (1)/CourseItemManagement/backend/vendor/laravel/framework/src/Illuminate/Http/Middleware/ValidatePostSize.php(27): Illuminate\\Pipeline\\Pipeline->{closure:{closure:Illuminate\\Pipeline\\Pipeline::carry():184}:185}()
#44 /home/hackerearth348/Downloads/CourseItemManagement (1)/CourseItemManagement/backend/vendor/laravel/framework/src/Illuminate/Pipeline/Pipeline.php(209): Illuminate\\Http\\Middleware\\ValidatePostSize->handle()
#45 /home/hackerearth348/Downloads/CourseItemManagement (1)/CourseItemManagement/backend/vendor/laravel/framework/src/Illuminate/Foundation/Http/Middleware/PreventRequestsDuringMaintenance.php(110): Illuminate\\Pipeline\\Pipeline->{closure:{closure:Illuminate\\Pipeline\\Pipeline::carry():184}:185}()
#46 /home/hackerearth348/Downloads/CourseItemManagement (1)/CourseItemManagement/backend/vendor/laravel/framework/src/Illuminate/Pipeline/Pipeline.php(209): Illuminate\\Foundation\\Http\\Middleware\\PreventRequestsDuringMaintenance->handle()
#47 /home/hackerearth348/Downloads/CourseItemManagement (1)/CourseItemManagement/backend/vendor/laravel/framework/src/Illuminate/Http/Middleware/TrustProxies.php(58): Illuminate\\Pipeline\\Pipeline->{closure:{closure:Illuminate\\Pipeline\\Pipeline::carry():184}:185}()
#48 /home/hackerearth348/Downloads/CourseItemManagement (1)/CourseItemManagement/backend/vendor/laravel/framework/src/Illuminate/Pipeline/Pipeline.php(209): Illuminate\\Http\\Middleware\\TrustProxies->handle()
#49 /home/hackerearth348/Downloads/CourseItemManagement (1)/CourseItemManagement/backend/vendor/laravel/framework/src/Illuminate/Pipeline/Pipeline.php(127): Illuminate\\Pipeline\\Pipeline->{closure:{closure:Illuminate\\Pipeline\\Pipeline::carry():184}:185}()
#50 /home/hackerearth348/Downloads/CourseItemManagement (1)/CourseItemManagement/backend/vendor/laravel/framework/src/Illuminate/Foundation/Http/Kernel.php(176): Illuminate\\Pipeline\\Pipeline->then()
#51 /home/hackerearth348/Downloads/CourseItemManagement (1)/CourseItemManagement/backend/vendor/laravel/framework/src/Illuminate/Foundation/Http/Kernel.php(145): Illuminate\\Foundation\\Http\\Kernel->sendRequestThroughRouter()
#52 /home/hackerearth348/Downloads/CourseItemManagement (1)/CourseItemManagement/backend/public/index.php(51): Illuminate\\Foundation\\Http\\Kernel->handle()
#53 /home/hackerearth348/Downloads/CourseItemManagement (1)/CourseItemManagement/backend/server.php(21): require_once('...')
#54 {main}
"} 
[2025-09-10 07:09:41] local.ERROR: SQLSTATE[23000]: Integrity constraint violation: 19 NOT NULL constraint failed: items.price (Connection: sqlite, SQL: insert into "items" ("name", "updated_at", "created_at") values (Test Item, 2025-09-10 07:09:41, 2025-09-10 07:09:41)) {"exception":"[object] (Illuminate\\Database\\QueryException(code: 23000): SQLSTATE[23000]: Integrity constraint violation: 19 NOT NULL constraint failed: items.price (Connection: sqlite, SQL: insert into \"items\" (\"name\", \"updated_at\", \"created_at\") values (Test Item, 2025-09-10 07:09:41, 2025-09-10 07:09:41)) at /home/hackerearth348/Downloads/CourseItemManagement (1)/CourseItemManagement/backend/vendor/laravel/framework/src/Illuminate/Database/Connection.php:825)
[stacktrace]
#0 /home/hackerearth348/Downloads/CourseItemManagement (1)/CourseItemManagement/backend/vendor/laravel/framework/src/Illuminate/Database/Connection.php(779): Illuminate\\Database\\Connection->runQueryCallback()
#1 /home/hackerearth348/Downloads/CourseItemManagement (1)/CourseItemManagement/backend/vendor/laravel/framework/src/Illuminate/Database/Connection.php(560): Illuminate\\Database\\Connection->run()
#2 /home/hackerearth348/Downloads/CourseItemManagement (1)/CourseItemManagement/backend/vendor/laravel/framework/src/Illuminate/Database/Connection.php(524): Illuminate\\Database\\Connection->statement()
#3 /home/hackerearth348/Downloads/CourseItemManagement (1)/CourseItemManagement/backend/vendor/laravel/framework/src/Illuminate/Database/Query/Processors/Processor.php(32): Illuminate\\Database\\Connection->insert()
#4 /home/hackerearth348/Downloads/CourseItemManagement (1)/CourseItemManagement/backend/vendor/laravel/framework/src/Illuminate/Database/Query/Builder.php(3766): Illuminate\\Database\\Query\\Processors\\Processor->processInsertGetId()
#5 /home/hackerearth348/Downloads/CourseItemManagement (1)/CourseItemManagement/backend/vendor/laravel/framework/src/Illuminate/Database/Eloquent/Builder.php(2120): Illuminate\\Database\\Query\\Builder->insertGetId()
#6 /home/hackerearth348/Downloads/CourseItemManagement (1)/CourseItemManagement/backend/vendor/laravel/framework/src/Illuminate/Database/Eloquent/Model.php(1359): Illuminate\\Database\\Eloquent\\Builder->__call()
#7 /home/hackerearth348/Downloads/CourseItemManagement (1)/CourseItemManagement/backend/vendor/laravel/framework/src/Illuminate/Database/Eloquent/Model.php(1324): Illuminate\\Database\\Eloquent\\Model->insertAndSetId()
#8 /home/hackerearth348/Downloads/CourseItemManagement (1)/CourseItemManagement/backend/vendor/laravel/framework/src/Illuminate/Database/Eloquent/Model.php(1163): Illuminate\\Database\\Eloquent\\Model->performInsert()
#9 /home/hackerearth348/Downloads/CourseItemManagement (1)/CourseItemManagement/backend/vendor/laravel/framework/src/Illuminate/Database/Eloquent/Builder.php(1128): Illuminate\\Database\\Eloquent\\Model->save()
#10 /home/hackerearth348/Downloads/CourseItemManagement (1)/CourseItemManagement/backend/vendor/laravel/framework/src/Illuminate/Support/helpers.php(399): Illuminate\\Database\\Eloquent\\Builder->{closure:Illuminate\\Database\\Eloquent\\Builder::create():1127}()
#11 /home/hackerearth348/Downloads/CourseItemManagement (1)/CourseItemManagement/backend/vendor/laravel/framework/src/Illuminate/Database/Eloquent/Builder.php(1127): tap()
#12 /home/hackerearth348/Downloads/CourseItemManagement (1)/CourseItemManagement/backend/vendor/laravel/framework/src/Illuminate/Support/Traits/ForwardsCalls.php(23): Illuminate\\Database\\Eloquent\\Builder->create()
#13 /home/hackerearth348/Downloads/CourseItemManagement (1)/CourseItemManagement/backend/vendor/laravel/framework/src/Illuminate/Database/Eloquent/Model.php(2372): Illuminate\\Database\\Eloquent\\Model->forwardCallTo()
#14 /home/hackerearth348/Downloads/CourseItemManagement (1)/CourseItemManagement/backend/vendor/laravel/framework/src/Illuminate/Database/Eloquent/Model.php(2384): Illuminate\\Database\\Eloquent\\Model->__call()
#15 /home/hackerearth348/Downloads/CourseItemManagement (1)/CourseItemManagement/backend/app/Http/Controllers/ItemController.php(26): Illuminate\\Database\\Eloquent\\Model::__callStatic()
#16 /home/hackerearth348/Downloads/CourseItemManagement (1)/CourseItemManagement/backend/vendor/laravel/framework/src/Illuminate/Routing/Controller.php(54): App\\Http\\Controllers\\ItemController->store()
#17 /home/hackerearth348/Downloads/CourseItemManagement (1)/CourseItemManagement/backend/vendor/laravel/framework/src/Illuminate/Routing/ControllerDispatcher.php(44): Illuminate\\Routing\\Controller->callAction()
#18 /home/hackerearth348/Downloads/CourseItemManagement (1)/CourseItemManagement/backend/vendor/laravel/framework/src/Illuminate/Routing/Route.php(266): Illuminate\\Routing\\ControllerDispatcher->dispatch()
#19 /home/hackerearth348/Downloads/CourseItemManagement (1)/CourseItemManagement/backend/vendor/laravel/framework/src/Illuminate/Routing/Route.php(212): Illuminate\\Routing\\Route->runController()
#20 /home/hackerearth348/Downloads/CourseItemManagement (1)/CourseItemManagement/backend/vendor/laravel/framework/src/Illuminate/Routing/Router.php(808): Illuminate\\Routing\\Route->run()
#21 /home/hackerearth348/Downloads/CourseItemManagement (1)/CourseItemManagement/backend/vendor/laravel/framework/src/Illuminate/Pipeline/Pipeline.php(170): Illuminate\\Routing\\Router->{closure:Illuminate\\Routing\\Router::runRouteWithinStack():807}()
#22 /home/hackerearth348/Downloads/CourseItemManagement (1)/CourseItemManagement/backend/vendor/laravel/framework/src/Illuminate/Routing/Middleware/SubstituteBindings.php(51): Illuminate\\Pipeline\\Pipeline->{closure:Illuminate\\Pipeline\\Pipeline::prepareDestination():168}()
#23 /home/hackerearth348/Downloads/CourseItemManagement (1)/CourseItemManagement/backend/vendor/laravel/framework/src/Illuminate/Pipeline/Pipeline.php(209): Illuminate\\Routing\\Middleware\\SubstituteBindings->handle()
#24 /home/hackerearth348/Downloads/CourseItemManagement (1)/CourseItemManagement/backend/vendor/laravel/framework/src/Illuminate/Routing/Middleware/ThrottleRequests.php(161): Illuminate\\Pipeline\\Pipeline->{closure:{closure:Illuminate\\Pipeline\\Pipeline::carry():184}:185}()
#25 /home/hackerearth348/Downloads/CourseItemManagement (1)/CourseItemManagement/backend/vendor/laravel/framework/src/Illuminate/Routing/Middleware/ThrottleRequests.php(127): Illuminate\\Routing\\Middleware\\ThrottleRequests->handleRequest()
#26 /home/hackerearth348/Downloads/CourseItemManagement (1)/CourseItemManagement/backend/vendor/laravel/framework/src/Illuminate/Routing/Middleware/ThrottleRequests.php(89): Illuminate\\Routing\\Middleware\\ThrottleRequests->handleRequestUsingNamedLimiter()
#27 /home/hackerearth348/Downloads/CourseItemManagement (1)/CourseItemManagement/backend/vendor/laravel/framework/src/Illuminate/Pipeline/Pipeline.php(209): Illuminate\\Routing\\Middleware\\ThrottleRequests->handle()
#28 /home/hackerearth348/Downloads/CourseItemManagement (1)/CourseItemManagement/backend/vendor/laravel/framework/src/Illuminate/Pipeline/Pipeline.php(127): Illuminate\\Pipeline\\Pipeline->{closure:{closure:Illuminate\\Pipeline\\Pipeline::carry():184}:185}()
#29 /home/hackerearth348/Downloads/CourseItemManagement (1)/CourseItemManagement/backend/vendor/laravel/framework/src/Illuminate/Routing/Router.php(807): Illuminate\\Pipeline\\Pipeline->then()
#30 /home/hackerearth348/Downloads/CourseItemManagement (1)/CourseItemManagement/backend/vendor/laravel/framework/src/Illuminate/Routing/Router.php(786): Illuminate\\Routing\\Router->runRouteWithinStack()
#31 /home/hackerearth348/Downloads/CourseItemManagement (1)/CourseItemManagement/backend/vendor/laravel/framework/src/Illuminate/Routing/Router.php(750): Illuminate\\Routing\\Router->runRoute()
#32 /home/hackerearth348/Downloads/CourseItemManagement (1)/CourseItemManagement/backend/vendor/laravel/framework/src/Illuminate/Routing/Router.php(739): Illuminate\\Routing\\Router->dispatchToRoute()
#33 /home/hackerearth348/Downloads/CourseItemManagement (1)/CourseItemManagement/backend/vendor/laravel/framework/src/Illuminate/Foundation/Http/Kernel.php(201): Illuminate\\Routing\\Router->dispatch()
#34 /home/hackerearth348/Downloads/CourseItemManagement (1)/CourseItemManagement/backend/vendor/laravel/framework/src/Illuminate/Pipeline/Pipeline.php(170): Illuminate\\Foundation\\Http\\Kernel->{closure:Illuminate\\Foundation\\Http\\Kernel::dispatchToRouter():198}()
#35 /home/hackerearth348/Downloads/CourseItemManagement (1)/CourseItemManagement/backend/vendor/laravel/framework/src/Illuminate/Foundation/Http/Middleware/TransformsRequest.php(21): Illuminate\\Pipeline\\Pipeline->{closure:Illuminate\\Pipeline\\Pipeline::prepareDestination():168}()
#36 /home/hackerearth348/Downloads/CourseItemManagement (1)/CourseItemManagement/backend/vendor/laravel/framework/src/Illuminate/Foundation/Http/Middleware/ConvertEmptyStringsToNull.php(31): Illuminate\\Foundation\\Http\\Middleware\\TransformsRequest->handle()
#37 /home/hackerearth348/Downloads/CourseItemManagement (1)/CourseItemManagement/backend/vendor/laravel/framework/src/Illuminate/Pipeline/Pipeline.php(209): Illuminate\\Foundation\\Http\\Middleware\\ConvertEmptyStringsToNull->handle()
#38 /home/hackerearth348/Downloads/CourseItemManagement (1)/CourseItemManagement/backend/vendor/laravel/framework/src/Illuminate/Foundation/Http/Middleware/TransformsRequest.php(21): Illuminate\\Pipeline\\Pipeline->{closure:{closure:Illuminate\\Pipeline\\Pipeline::carry():184}:185}()
#39 /home/hackerearth348/Downloads/CourseItemManagement (1)/CourseItemManagement/backend/vendor/laravel/framework/src/Illuminate/Foundation/Http/Middleware/TrimStrings.php(51): Illuminate\\Foundation\\Http\\Middleware\\TransformsRequest->handle()
#40 /home/hackerearth348/Downloads/CourseItemManagement (1)/CourseItemManagement/backend/vendor/laravel/framework/src/Illuminate/Pipeline/Pipeline.php(209): Illuminate\\Foundation\\Http\\Middleware\\TrimStrings->handle()
#41 /home/hackerearth348/Downloads/CourseItemManagement (1)/CourseItemManagement/backend/vendor/laravel/framework/src/Illuminate/Http/Middleware/ValidatePostSize.php(27): Illuminate\\Pipeline\\Pipeline->{closure:{closure:Illuminate\\Pipeline\\Pipeline::carry():184}:185}()
#42 /home/hackerearth348/Downloads/CourseItemManagement (1)/CourseItemManagement/backend/vendor/laravel/framework/src/Illuminate/Pipeline/Pipeline.php(209): Illuminate\\Http\\Middleware\\ValidatePostSize->handle()
#43 /home/hackerearth348/Downloads/CourseItemManagement (1)/CourseItemManagement/backend/vendor/laravel/framework/src/Illuminate/Foundation/Http/Middleware/PreventRequestsDuringMaintenance.php(110): Illuminate\\Pipeline\\Pipeline->{closure:{closure:Illuminate\\Pipeline\\Pipeline::carry():184}:185}()
#44 /home/hackerearth348/Downloads/CourseItemManagement (1)/CourseItemManagement/backend/vendor/laravel/framework/src/Illuminate/Pipeline/Pipeline.php(209): Illuminate\\Foundation\\Http\\Middleware\\PreventRequestsDuringMaintenance->handle()
#45 /home/hackerearth348/Downloads/CourseItemManagement (1)/CourseItemManagement/backend/vendor/laravel/framework/src/Illuminate/Http/Middleware/TrustProxies.php(58): Illuminate\\Pipeline\\Pipeline->{closure:{closure:Illuminate\\Pipeline\\Pipeline::carry():184}:185}()
#46 /home/hackerearth348/Downloads/CourseItemManagement (1)/CourseItemManagement/backend/vendor/laravel/framework/src/Illuminate/Pipeline/Pipeline.php(209): Illuminate\\Http\\Middleware\\TrustProxies->handle()
#47 /home/hackerearth348/Downloads/CourseItemManagement (1)/CourseItemManagement/backend/vendor/laravel/framework/src/Illuminate/Pipeline/Pipeline.php(127): Illuminate\\Pipeline\\Pipeline->{closure:{closure:Illuminate\\Pipeline\\Pipeline::carry():184}:185}()
#48 /home/hackerearth348/Downloads/CourseItemManagement (1)/CourseItemManagement/backend/vendor/laravel/framework/src/Illuminate/Foundation/Http/Kernel.php(176): Illuminate\\Pipeline\\Pipeline->then()
#49 /home/hackerearth348/Downloads/CourseItemManagement (1)/CourseItemManagement/backend/vendor/laravel/framework/src/Illuminate/Foundation/Http/Kernel.php(145): Illuminate\\Foundation\\Http\\Kernel->sendRequestThroughRouter()
#50 /home/hackerearth348/Downloads/CourseItemManagement (1)/CourseItemManagement/backend/public/index.php(51): Illuminate\\Foundation\\Http\\Kernel->handle()
#51 /home/hackerearth348/Downloads/CourseItemManagement (1)/CourseItemManagement/backend/server.php(21): require_once('...')
#52 {main}

[previous exception] [object] (PDOException(code: 23000): SQLSTATE[23000]: Integrity constraint violation: 19 NOT NULL constraint failed: items.price at /home/hackerearth348/Downloads/CourseItemManagement (1)/CourseItemManagement/backend/vendor/laravel/framework/src/Illuminate/Database/Connection.php:571)
[stacktrace]
#0 /home/hackerearth348/Downloads/CourseItemManagement (1)/CourseItemManagement/backend/vendor/laravel/framework/src/Illuminate/Database/Connection.php(571): PDOStatement->execute()
#1 /home/hackerearth348/Downloads/CourseItemManagement (1)/CourseItemManagement/backend/vendor/laravel/framework/src/Illuminate/Database/Connection.php(812): Illuminate\\Database\\Connection->{closure:Illuminate\\Database\\Connection::statement():560}()
#2 /home/hackerearth348/Downloads/CourseItemManagement (1)/CourseItemManagement/backend/vendor/laravel/framework/src/Illuminate/Database/Connection.php(779): Illuminate\\Database\\Connection->runQueryCallback()
#3 /home/hackerearth348/Downloads/CourseItemManagement (1)/CourseItemManagement/backend/vendor/laravel/framework/src/Illuminate/Database/Connection.php(560): Illuminate\\Database\\Connection->run()
#4 /home/hackerearth348/Downloads/CourseItemManagement (1)/CourseItemManagement/backend/vendor/laravel/framework/src/Illuminate/Database/Connection.php(524): Illuminate\\Database\\Connection->statement()
#5 /home/hackerearth348/Downloads/CourseItemManagement (1)/CourseItemManagement/backend/vendor/laravel/framework/src/Illuminate/Database/Query/Processors/Processor.php(32): Illuminate\\Database\\Connection->insert()
#6 /home/hackerearth348/Downloads/CourseItemManagement (1)/CourseItemManagement/backend/vendor/laravel/framework/src/Illuminate/Database/Query/Builder.php(3766): Illuminate\\Database\\Query\\Processors\\Processor->processInsertGetId()
#7 /home/hackerearth348/Downloads/CourseItemManagement (1)/CourseItemManagement/backend/vendor/laravel/framework/src/Illuminate/Database/Eloquent/Builder.php(2120): Illuminate\\Database\\Query\\Builder->insertGetId()
#8 /home/hackerearth348/Downloads/CourseItemManagement (1)/CourseItemManagement/backend/vendor/laravel/framework/src/Illuminate/Database/Eloquent/Model.php(1359): Illuminate\\Database\\Eloquent\\Builder->__call()
#9 /home/hackerearth348/Downloads/CourseItemManagement (1)/CourseItemManagement/backend/vendor/laravel/framework/src/Illuminate/Database/Eloquent/Model.php(1324): Illuminate\\Database\\Eloquent\\Model->insertAndSetId()
#10 /home/hackerearth348/Downloads/CourseItemManagement (1)/CourseItemManagement/backend/vendor/laravel/framework/src/Illuminate/Database/Eloquent/Model.php(1163): Illuminate\\Database\\Eloquent\\Model->performInsert()
#11 /home/hackerearth348/Downloads/CourseItemManagement (1)/CourseItemManagement/backend/vendor/laravel/framework/src/Illuminate/Database/Eloquent/Builder.php(1128): Illuminate\\Database\\Eloquent\\Model->save()
#12 /home/hackerearth348/Downloads/CourseItemManagement (1)/CourseItemManagement/backend/vendor/laravel/framework/src/Illuminate/Support/helpers.php(399): Illuminate\\Database\\Eloquent\\Builder->{closure:Illuminate\\Database\\Eloquent\\Builder::create():1127}()
#13 /home/hackerearth348/Downloads/CourseItemManagement (1)/CourseItemManagement/backend/vendor/laravel/framework/src/Illuminate/Database/Eloquent/Builder.php(1127): tap()
#14 /home/hackerearth348/Downloads/CourseItemManagement (1)/CourseItemManagement/backend/vendor/laravel/framework/src/Illuminate/Support/Traits/ForwardsCalls.php(23): Illuminate\\Database\\Eloquent\\Builder->create()
#15 /home/hackerearth348/Downloads/CourseItemManagement (1)/CourseItemManagement/backend/vendor/laravel/framework/src/Illuminate/Database/Eloquent/Model.php(2372): Illuminate\\Database\\Eloquent\\Model->forwardCallTo()
#16 /home/hackerearth348/Downloads/CourseItemManagement (1)/CourseItemManagement/backend/vendor/laravel/framework/src/Illuminate/Database/Eloquent/Model.php(2384): Illuminate\\Database\\Eloquent\\Model->__call()
#17 /home/hackerearth348/Downloads/CourseItemManagement (1)/CourseItemManagement/backend/app/Http/Controllers/ItemController.php(26): Illuminate\\Database\\Eloquent\\Model::__callStatic()
#18 /home/hackerearth348/Downloads/CourseItemManagement (1)/CourseItemManagement/backend/vendor/laravel/framework/src/Illuminate/Routing/Controller.php(54): App\\Http\\Controllers\\ItemController->store()
#19 /home/hackerearth348/Downloads/CourseItemManagement (1)/CourseItemManagement/backend/vendor/laravel/framework/src/Illuminate/Routing/ControllerDispatcher.php(44): Illuminate\\Routing\\Controller->callAction()
#20 /home/hackerearth348/Downloads/CourseItemManagement (1)/CourseItemManagement/backend/vendor/laravel/framework/src/Illuminate/Routing/Route.php(266): Illuminate\\Routing\\ControllerDispatcher->dispatch()
#21 /home/hackerearth348/Downloads/CourseItemManagement (1)/CourseItemManagement/backend/vendor/laravel/framework/src/Illuminate/Routing/Route.php(212): Illuminate\\Routing\\Route->runController()
#22 /home/hackerearth348/Downloads/CourseItemManagement (1)/CourseItemManagement/backend/vendor/laravel/framework/src/Illuminate/Routing/Router.php(808): Illuminate\\Routing\\Route->run()
#23 /home/hackerearth348/Downloads/CourseItemManagement (1)/CourseItemManagement/backend/vendor/laravel/framework/src/Illuminate/Pipeline/Pipeline.php(170): Illuminate\\Routing\\Router->{closure:Illuminate\\Routing\\Router::runRouteWithinStack():807}()
#24 /home/hackerearth348/Downloads/CourseItemManagement (1)/CourseItemManagement/backend/vendor/laravel/framework/src/Illuminate/Routing/Middleware/SubstituteBindings.php(51): Illuminate\\Pipeline\\Pipeline->{closure:Illuminate\\Pipeline\\Pipeline::prepareDestination():168}()
#25 /home/hackerearth348/Downloads/CourseItemManagement (1)/CourseItemManagement/backend/vendor/laravel/framework/src/Illuminate/Pipeline/Pipeline.php(209): Illuminate\\Routing\\Middleware\\SubstituteBindings->handle()
#26 /home/hackerearth348/Downloads/CourseItemManagement (1)/CourseItemManagement/backend/vendor/laravel/framework/src/Illuminate/Routing/Middleware/ThrottleRequests.php(161): Illuminate\\Pipeline\\Pipeline->{closure:{closure:Illuminate\\Pipeline\\Pipeline::carry():184}:185}()
#27 /home/hackerearth348/Downloads/CourseItemManagement (1)/CourseItemManagement/backend/vendor/laravel/framework/src/Illuminate/Routing/Middleware/ThrottleRequests.php(127): Illuminate\\Routing\\Middleware\\ThrottleRequests->handleRequest()
#28 /home/hackerearth348/Downloads/CourseItemManagement (1)/CourseItemManagement/backend/vendor/laravel/framework/src/Illuminate/Routing/Middleware/ThrottleRequests.php(89): Illuminate\\Routing\\Middleware\\ThrottleRequests->handleRequestUsingNamedLimiter()
#29 /home/hackerearth348/Downloads/CourseItemManagement (1)/CourseItemManagement/backend/vendor/laravel/framework/src/Illuminate/Pipeline/Pipeline.php(209): Illuminate\\Routing\\Middleware\\ThrottleRequests->handle()
#30 /home/hackerearth348/Downloads/CourseItemManagement (1)/CourseItemManagement/backend/vendor/laravel/framework/src/Illuminate/Pipeline/Pipeline.php(127): Illuminate\\Pipeline\\Pipeline->{closure:{closure:Illuminate\\Pipeline\\Pipeline::carry():184}:185}()
#31 /home/hackerearth348/Downloads/CourseItemManagement (1)/CourseItemManagement/backend/vendor/laravel/framework/src/Illuminate/Routing/Router.php(807): Illuminate\\Pipeline\\Pipeline->then()
#32 /home/hackerearth348/Downloads/CourseItemManagement (1)/CourseItemManagement/backend/vendor/laravel/framework/src/Illuminate/Routing/Router.php(786): Illuminate\\Routing\\Router->runRouteWithinStack()
#33 /home/hackerearth348/Downloads/CourseItemManagement (1)/CourseItemManagement/backend/vendor/laravel/framework/src/Illuminate/Routing/Router.php(750): Illuminate\\Routing\\Router->runRoute()
#34 /home/hackerearth348/Downloads/CourseItemManagement (1)/CourseItemManagement/backend/vendor/laravel/framework/src/Illuminate/Routing/Router.php(739): Illuminate\\Routing\\Router->dispatchToRoute()
#35 /home/hackerearth348/Downloads/CourseItemManagement (1)/CourseItemManagement/backend/vendor/laravel/framework/src/Illuminate/Foundation/Http/Kernel.php(201): Illuminate\\Routing\\Router->dispatch()
#36 /home/hackerearth348/Downloads/CourseItemManagement (1)/CourseItemManagement/backend/vendor/laravel/framework/src/Illuminate/Pipeline/Pipeline.php(170): Illuminate\\Foundation\\Http\\Kernel->{closure:Illuminate\\Foundation\\Http\\Kernel::dispatchToRouter():198}()
#37 /home/hackerearth348/Downloads/CourseItemManagement (1)/CourseItemManagement/backend/vendor/laravel/framework/src/Illuminate/Foundation/Http/Middleware/TransformsRequest.php(21): Illuminate\\Pipeline\\Pipeline->{closure:Illuminate\\Pipeline\\Pipeline::prepareDestination():168}()
#38 /home/hackerearth348/Downloads/CourseItemManagement (1)/CourseItemManagement/backend/vendor/laravel/framework/src/Illuminate/Foundation/Http/Middleware/ConvertEmptyStringsToNull.php(31): Illuminate\\Foundation\\Http\\Middleware\\TransformsRequest->handle()
#39 /home/hackerearth348/Downloads/CourseItemManagement (1)/CourseItemManagement/backend/vendor/laravel/framework/src/Illuminate/Pipeline/Pipeline.php(209): Illuminate\\Foundation\\Http\\Middleware\\ConvertEmptyStringsToNull->handle()
#40 /home/hackerearth348/Downloads/CourseItemManagement (1)/CourseItemManagement/backend/vendor/laravel/framework/src/Illuminate/Foundation/Http/Middleware/TransformsRequest.php(21): Illuminate\\Pipeline\\Pipeline->{closure:{closure:Illuminate\\Pipeline\\Pipeline::carry():184}:185}()
#41 /home/hackerearth348/Downloads/CourseItemManagement (1)/CourseItemManagement/backend/vendor/laravel/framework/src/Illuminate/Foundation/Http/Middleware/TrimStrings.php(51): Illuminate\\Foundation\\Http\\Middleware\\TransformsRequest->handle()
#42 /home/hackerearth348/Downloads/CourseItemManagement (1)/CourseItemManagement/backend/vendor/laravel/framework/src/Illuminate/Pipeline/Pipeline.php(209): Illuminate\\Foundation\\Http\\Middleware\\TrimStrings->handle()
#43 /home/hackerearth348/Downloads/CourseItemManagement (1)/CourseItemManagement/backend/vendor/laravel/framework/src/Illuminate/Http/Middleware/ValidatePostSize.php(27): Illuminate\\Pipeline\\Pipeline->{closure:{closure:Illuminate\\Pipeline\\Pipeline::carry():184}:185}()
#44 /home/hackerearth348/Downloads/CourseItemManagement (1)/CourseItemManagement/backend/vendor/laravel/framework/src/Illuminate/Pipeline/Pipeline.php(209): Illuminate\\Http\\Middleware\\ValidatePostSize->handle()
#45 /home/hackerearth348/Downloads/CourseItemManagement (1)/CourseItemManagement/backend/vendor/laravel/framework/src/Illuminate/Foundation/Http/Middleware/PreventRequestsDuringMaintenance.php(110): Illuminate\\Pipeline\\Pipeline->{closure:{closure:Illuminate\\Pipeline\\Pipeline::carry():184}:185}()
#46 /home/hackerearth348/Downloads/CourseItemManagement (1)/CourseItemManagement/backend/vendor/laravel/framework/src/Illuminate/Pipeline/Pipeline.php(209): Illuminate\\Foundation\\Http\\Middleware\\PreventRequestsDuringMaintenance->handle()
#47 /home/hackerearth348/Downloads/CourseItemManagement (1)/CourseItemManagement/backend/vendor/laravel/framework/src/Illuminate/Http/Middleware/TrustProxies.php(58): Illuminate\\Pipeline\\Pipeline->{closure:{closure:Illuminate\\Pipeline\\Pipeline::carry():184}:185}()
#48 /home/hackerearth348/Downloads/CourseItemManagement (1)/CourseItemManagement/backend/vendor/laravel/framework/src/Illuminate/Pipeline/Pipeline.php(209): Illuminate\\Http\\Middleware\\TrustProxies->handle()
#49 /home/hackerearth348/Downloads/CourseItemManagement (1)/CourseItemManagement/backend/vendor/laravel/framework/src/Illuminate/Pipeline/Pipeline.php(127): Illuminate\\Pipeline\\Pipeline->{closure:{closure:Illuminate\\Pipeline\\Pipeline::carry():184}:185}()
#50 /home/hackerearth348/Downloads/CourseItemManagement (1)/CourseItemManagement/backend/vendor/laravel/framework/src/Illuminate/Foundation/Http/Kernel.php(176): Illuminate\\Pipeline\\Pipeline->then()
#51 /home/hackerearth348/Downloads/CourseItemManagement (1)/CourseItemManagement/backend/vendor/laravel/framework/src/Illuminate/Foundation/Http/Kernel.php(145): Illuminate\\Foundation\\Http\\Kernel->sendRequestThroughRouter()
#52 /home/hackerearth348/Downloads/CourseItemManagement (1)/CourseItemManagement/backend/public/index.php(51): Illuminate\\Foundation\\Http\\Kernel->handle()
#53 /home/hackerearth348/Downloads/CourseItemManagement (1)/CourseItemManagement/backend/server.php(21): require_once('...')
#54 {main}
"} 
[2025-09-10 07:22:28] local.ERROR: SQLSTATE[23000]: Integrity constraint violation: 19 NOT NULL constraint failed: items.price (Connection: sqlite, SQL: insert into "items" ("name", "updated_at", "created_at") values (Test Item, 2025-09-10 07:22:28, 2025-09-10 07:22:28)) {"exception":"[object] (Illuminate\\Database\\QueryException(code: 23000): SQLSTATE[23000]: Integrity constraint violation: 19 NOT NULL constraint failed: items.price (Connection: sqlite, SQL: insert into \"items\" (\"name\", \"updated_at\", \"created_at\") values (Test Item, 2025-09-10 07:22:28, 2025-09-10 07:22:28)) at /home/hackerearth348/Downloads/CourseItemManagement (1)/CourseItemManagement/backend/vendor/laravel/framework/src/Illuminate/Database/Connection.php:825)
[stacktrace]
#0 /home/hackerearth348/Downloads/CourseItemManagement (1)/CourseItemManagement/backend/vendor/laravel/framework/src/Illuminate/Database/Connection.php(779): Illuminate\\Database\\Connection->runQueryCallback()
#1 /home/hackerearth348/Downloads/CourseItemManagement (1)/CourseItemManagement/backend/vendor/laravel/framework/src/Illuminate/Database/Connection.php(560): Illuminate\\Database\\Connection->run()
#2 /home/hackerearth348/Downloads/CourseItemManagement (1)/CourseItemManagement/backend/vendor/laravel/framework/src/Illuminate/Database/Connection.php(524): Illuminate\\Database\\Connection->statement()
#3 /home/hackerearth348/Downloads/CourseItemManagement (1)/CourseItemManagement/backend/vendor/laravel/framework/src/Illuminate/Database/Query/Processors/Processor.php(32): Illuminate\\Database\\Connection->insert()
#4 /home/hackerearth348/Downloads/CourseItemManagement (1)/CourseItemManagement/backend/vendor/laravel/framework/src/Illuminate/Database/Query/Builder.php(3766): Illuminate\\Database\\Query\\Processors\\Processor->processInsertGetId()
#5 /home/hackerearth348/Downloads/CourseItemManagement (1)/CourseItemManagement/backend/vendor/laravel/framework/src/Illuminate/Database/Eloquent/Builder.php(2120): Illuminate\\Database\\Query\\Builder->insertGetId()
#6 /home/hackerearth348/Downloads/CourseItemManagement (1)/CourseItemManagement/backend/vendor/laravel/framework/src/Illuminate/Database/Eloquent/Model.php(1359): Illuminate\\Database\\Eloquent\\Builder->__call()
#7 /home/hackerearth348/Downloads/CourseItemManagement (1)/CourseItemManagement/backend/vendor/laravel/framework/src/Illuminate/Database/Eloquent/Model.php(1324): Illuminate\\Database\\Eloquent\\Model->insertAndSetId()
#8 /home/hackerearth348/Downloads/CourseItemManagement (1)/CourseItemManagement/backend/vendor/laravel/framework/src/Illuminate/Database/Eloquent/Model.php(1163): Illuminate\\Database\\Eloquent\\Model->performInsert()
#9 /home/hackerearth348/Downloads/CourseItemManagement (1)/CourseItemManagement/backend/vendor/laravel/framework/src/Illuminate/Database/Eloquent/Builder.php(1128): Illuminate\\Database\\Eloquent\\Model->save()
#10 /home/hackerearth348/Downloads/CourseItemManagement (1)/CourseItemManagement/backend/vendor/laravel/framework/src/Illuminate/Support/helpers.php(399): Illuminate\\Database\\Eloquent\\Builder->{closure:Illuminate\\Database\\Eloquent\\Builder::create():1127}()
#11 /home/hackerearth348/Downloads/CourseItemManagement (1)/CourseItemManagement/backend/vendor/laravel/framework/src/Illuminate/Database/Eloquent/Builder.php(1127): tap()
#12 /home/hackerearth348/Downloads/CourseItemManagement (1)/CourseItemManagement/backend/vendor/laravel/framework/src/Illuminate/Support/Traits/ForwardsCalls.php(23): Illuminate\\Database\\Eloquent\\Builder->create()
#13 /home/hackerearth348/Downloads/CourseItemManagement (1)/CourseItemManagement/backend/vendor/laravel/framework/src/Illuminate/Database/Eloquent/Model.php(2372): Illuminate\\Database\\Eloquent\\Model->forwardCallTo()
#14 /home/hackerearth348/Downloads/CourseItemManagement (1)/CourseItemManagement/backend/vendor/laravel/framework/src/Illuminate/Database/Eloquent/Model.php(2384): Illuminate\\Database\\Eloquent\\Model->__call()
#15 /home/hackerearth348/Downloads/CourseItemManagement (1)/CourseItemManagement/backend/app/Http/Controllers/ItemController.php(26): Illuminate\\Database\\Eloquent\\Model::__callStatic()
#16 /home/hackerearth348/Downloads/CourseItemManagement (1)/CourseItemManagement/backend/vendor/laravel/framework/src/Illuminate/Routing/Controller.php(54): App\\Http\\Controllers\\ItemController->store()
#17 /home/hackerearth348/Downloads/CourseItemManagement (1)/CourseItemManagement/backend/vendor/laravel/framework/src/Illuminate/Routing/ControllerDispatcher.php(44): Illuminate\\Routing\\Controller->callAction()
#18 /home/hackerearth348/Downloads/CourseItemManagement (1)/CourseItemManagement/backend/vendor/laravel/framework/src/Illuminate/Routing/Route.php(266): Illuminate\\Routing\\ControllerDispatcher->dispatch()
#19 /home/hackerearth348/Downloads/CourseItemManagement (1)/CourseItemManagement/backend/vendor/laravel/framework/src/Illuminate/Routing/Route.php(212): Illuminate\\Routing\\Route->runController()
#20 /home/hackerearth348/Downloads/CourseItemManagement (1)/CourseItemManagement/backend/vendor/laravel/framework/src/Illuminate/Routing/Router.php(808): Illuminate\\Routing\\Route->run()
#21 /home/hackerearth348/Downloads/CourseItemManagement (1)/CourseItemManagement/backend/vendor/laravel/framework/src/Illuminate/Pipeline/Pipeline.php(170): Illuminate\\Routing\\Router->{closure:Illuminate\\Routing\\Router::runRouteWithinStack():807}()
#22 /home/hackerearth348/Downloads/CourseItemManagement (1)/CourseItemManagement/backend/vendor/laravel/framework/src/Illuminate/Routing/Middleware/SubstituteBindings.php(51): Illuminate\\Pipeline\\Pipeline->{closure:Illuminate\\Pipeline\\Pipeline::prepareDestination():168}()
#23 /home/hackerearth348/Downloads/CourseItemManagement (1)/CourseItemManagement/backend/vendor/laravel/framework/src/Illuminate/Pipeline/Pipeline.php(209): Illuminate\\Routing\\Middleware\\SubstituteBindings->handle()
#24 /home/hackerearth348/Downloads/CourseItemManagement (1)/CourseItemManagement/backend/vendor/laravel/framework/src/Illuminate/Routing/Middleware/ThrottleRequests.php(161): Illuminate\\Pipeline\\Pipeline->{closure:{closure:Illuminate\\Pipeline\\Pipeline::carry():184}:185}()
#25 /home/hackerearth348/Downloads/CourseItemManagement (1)/CourseItemManagement/backend/vendor/laravel/framework/src/Illuminate/Routing/Middleware/ThrottleRequests.php(127): Illuminate\\Routing\\Middleware\\ThrottleRequests->handleRequest()
#26 /home/hackerearth348/Downloads/CourseItemManagement (1)/CourseItemManagement/backend/vendor/laravel/framework/src/Illuminate/Routing/Middleware/ThrottleRequests.php(89): Illuminate\\Routing\\Middleware\\ThrottleRequests->handleRequestUsingNamedLimiter()
#27 /home/hackerearth348/Downloads/CourseItemManagement (1)/CourseItemManagement/backend/vendor/laravel/framework/src/Illuminate/Pipeline/Pipeline.php(209): Illuminate\\Routing\\Middleware\\ThrottleRequests->handle()
#28 /home/hackerearth348/Downloads/CourseItemManagement (1)/CourseItemManagement/backend/vendor/laravel/framework/src/Illuminate/Pipeline/Pipeline.php(127): Illuminate\\Pipeline\\Pipeline->{closure:{closure:Illuminate\\Pipeline\\Pipeline::carry():184}:185}()
#29 /home/hackerearth348/Downloads/CourseItemManagement (1)/CourseItemManagement/backend/vendor/laravel/framework/src/Illuminate/Routing/Router.php(807): Illuminate\\Pipeline\\Pipeline->then()
#30 /home/hackerearth348/Downloads/CourseItemManagement (1)/CourseItemManagement/backend/vendor/laravel/framework/src/Illuminate/Routing/Router.php(786): Illuminate\\Routing\\Router->runRouteWithinStack()
#31 /home/hackerearth348/Downloads/CourseItemManagement (1)/CourseItemManagement/backend/vendor/laravel/framework/src/Illuminate/Routing/Router.php(750): Illuminate\\Routing\\Router->runRoute()
#32 /home/hackerearth348/Downloads/CourseItemManagement (1)/CourseItemManagement/backend/vendor/laravel/framework/src/Illuminate/Routing/Router.php(739): Illuminate\\Routing\\Router->dispatchToRoute()
#33 /home/hackerearth348/Downloads/CourseItemManagement (1)/CourseItemManagement/backend/vendor/laravel/framework/src/Illuminate/Foundation/Http/Kernel.php(201): Illuminate\\Routing\\Router->dispatch()
#34 /home/hackerearth348/Downloads/CourseItemManagement (1)/CourseItemManagement/backend/vendor/laravel/framework/src/Illuminate/Pipeline/Pipeline.php(170): Illuminate\\Foundation\\Http\\Kernel->{closure:Illuminate\\Foundation\\Http\\Kernel::dispatchToRouter():198}()
#35 /home/hackerearth348/Downloads/CourseItemManagement (1)/CourseItemManagement/backend/vendor/laravel/framework/src/Illuminate/Foundation/Http/Middleware/TransformsRequest.php(21): Illuminate\\Pipeline\\Pipeline->{closure:Illuminate\\Pipeline\\Pipeline::prepareDestination():168}()
#36 /home/hackerearth348/Downloads/CourseItemManagement (1)/CourseItemManagement/backend/vendor/laravel/framework/src/Illuminate/Foundation/Http/Middleware/ConvertEmptyStringsToNull.php(31): Illuminate\\Foundation\\Http\\Middleware\\TransformsRequest->handle()
#37 /home/hackerearth348/Downloads/CourseItemManagement (1)/CourseItemManagement/backend/vendor/laravel/framework/src/Illuminate/Pipeline/Pipeline.php(209): Illuminate\\Foundation\\Http\\Middleware\\ConvertEmptyStringsToNull->handle()
#38 /home/hackerearth348/Downloads/CourseItemManagement (1)/CourseItemManagement/backend/vendor/laravel/framework/src/Illuminate/Foundation/Http/Middleware/TransformsRequest.php(21): Illuminate\\Pipeline\\Pipeline->{closure:{closure:Illuminate\\Pipeline\\Pipeline::carry():184}:185}()
#39 /home/hackerearth348/Downloads/CourseItemManagement (1)/CourseItemManagement/backend/vendor/laravel/framework/src/Illuminate/Foundation/Http/Middleware/TrimStrings.php(51): Illuminate\\Foundation\\Http\\Middleware\\TransformsRequest->handle()
#40 /home/hackerearth348/Downloads/CourseItemManagement (1)/CourseItemManagement/backend/vendor/laravel/framework/src/Illuminate/Pipeline/Pipeline.php(209): Illuminate\\Foundation\\Http\\Middleware\\TrimStrings->handle()
#41 /home/hackerearth348/Downloads/CourseItemManagement (1)/CourseItemManagement/backend/vendor/laravel/framework/src/Illuminate/Http/Middleware/ValidatePostSize.php(27): Illuminate\\Pipeline\\Pipeline->{closure:{closure:Illuminate\\Pipeline\\Pipeline::carry():184}:185}()
#42 /home/hackerearth348/Downloads/CourseItemManagement (1)/CourseItemManagement/backend/vendor/laravel/framework/src/Illuminate/Pipeline/Pipeline.php(209): Illuminate\\Http\\Middleware\\ValidatePostSize->handle()
#43 /home/hackerearth348/Downloads/CourseItemManagement (1)/CourseItemManagement/backend/vendor/laravel/framework/src/Illuminate/Foundation/Http/Middleware/PreventRequestsDuringMaintenance.php(110): Illuminate\\Pipeline\\Pipeline->{closure:{closure:Illuminate\\Pipeline\\Pipeline::carry():184}:185}()
#44 /home/hackerearth348/Downloads/CourseItemManagement (1)/CourseItemManagement/backend/vendor/laravel/framework/src/Illuminate/Pipeline/Pipeline.php(209): Illuminate\\Foundation\\Http\\Middleware\\PreventRequestsDuringMaintenance->handle()
#45 /home/hackerearth348/Downloads/CourseItemManagement (1)/CourseItemManagement/backend/vendor/laravel/framework/src/Illuminate/Http/Middleware/TrustProxies.php(58): Illuminate\\Pipeline\\Pipeline->{closure:{closure:Illuminate\\Pipeline\\Pipeline::carry():184}:185}()
#46 /home/hackerearth348/Downloads/CourseItemManagement (1)/CourseItemManagement/backend/vendor/laravel/framework/src/Illuminate/Pipeline/Pipeline.php(209): Illuminate\\Http\\Middleware\\TrustProxies->handle()
#47 /home/hackerearth348/Downloads/CourseItemManagement (1)/CourseItemManagement/backend/vendor/laravel/framework/src/Illuminate/Pipeline/Pipeline.php(127): Illuminate\\Pipeline\\Pipeline->{closure:{closure:Illuminate\\Pipeline\\Pipeline::carry():184}:185}()
#48 /home/hackerearth348/Downloads/CourseItemManagement (1)/CourseItemManagement/backend/vendor/laravel/framework/src/Illuminate/Foundation/Http/Kernel.php(176): Illuminate\\Pipeline\\Pipeline->then()
#49 /home/hackerearth348/Downloads/CourseItemManagement (1)/CourseItemManagement/backend/vendor/laravel/framework/src/Illuminate/Foundation/Http/Kernel.php(145): Illuminate\\Foundation\\Http\\Kernel->sendRequestThroughRouter()
#50 /home/hackerearth348/Downloads/CourseItemManagement (1)/CourseItemManagement/backend/public/index.php(51): Illuminate\\Foundation\\Http\\Kernel->handle()
#51 /home/hackerearth348/Downloads/CourseItemManagement (1)/CourseItemManagement/backend/server.php(21): require_once('...')
#52 {main}

[previous exception] [object] (PDOException(code: 23000): SQLSTATE[23000]: Integrity constraint violation: 19 NOT NULL constraint failed: items.price at /home/hackerearth348/Downloads/CourseItemManagement (1)/CourseItemManagement/backend/vendor/laravel/framework/src/Illuminate/Database/Connection.php:571)
[stacktrace]
#0 /home/hackerearth348/Downloads/CourseItemManagement (1)/CourseItemManagement/backend/vendor/laravel/framework/src/Illuminate/Database/Connection.php(571): PDOStatement->execute()
#1 /home/hackerearth348/Downloads/CourseItemManagement (1)/CourseItemManagement/backend/vendor/laravel/framework/src/Illuminate/Database/Connection.php(812): Illuminate\\Database\\Connection->{closure:Illuminate\\Database\\Connection::statement():560}()
#2 /home/hackerearth348/Downloads/CourseItemManagement (1)/CourseItemManagement/backend/vendor/laravel/framework/src/Illuminate/Database/Connection.php(779): Illuminate\\Database\\Connection->runQueryCallback()
#3 /home/hackerearth348/Downloads/CourseItemManagement (1)/CourseItemManagement/backend/vendor/laravel/framework/src/Illuminate/Database/Connection.php(560): Illuminate\\Database\\Connection->run()
#4 /home/hackerearth348/Downloads/CourseItemManagement (1)/CourseItemManagement/backend/vendor/laravel/framework/src/Illuminate/Database/Connection.php(524): Illuminate\\Database\\Connection->statement()
#5 /home/hackerearth348/Downloads/CourseItemManagement (1)/CourseItemManagement/backend/vendor/laravel/framework/src/Illuminate/Database/Query/Processors/Processor.php(32): Illuminate\\Database\\Connection->insert()
#6 /home/hackerearth348/Downloads/CourseItemManagement (1)/CourseItemManagement/backend/vendor/laravel/framework/src/Illuminate/Database/Query/Builder.php(3766): Illuminate\\Database\\Query\\Processors\\Processor->processInsertGetId()
#7 /home/hackerearth348/Downloads/CourseItemManagement (1)/CourseItemManagement/backend/vendor/laravel/framework/src/Illuminate/Database/Eloquent/Builder.php(2120): Illuminate\\Database\\Query\\Builder->insertGetId()
#8 /home/hackerearth348/Downloads/CourseItemManagement (1)/CourseItemManagement/backend/vendor/laravel/framework/src/Illuminate/Database/Eloquent/Model.php(1359): Illuminate\\Database\\Eloquent\\Builder->__call()
#9 /home/hackerearth348/Downloads/CourseItemManagement (1)/CourseItemManagement/backend/vendor/laravel/framework/src/Illuminate/Database/Eloquent/Model.php(1324): Illuminate\\Database\\Eloquent\\Model->insertAndSetId()
#10 /home/hackerearth348/Downloads/CourseItemManagement (1)/CourseItemManagement/backend/vendor/laravel/framework/src/Illuminate/Database/Eloquent/Model.php(1163): Illuminate\\Database\\Eloquent\\Model->performInsert()
#11 /home/hackerearth348/Downloads/CourseItemManagement (1)/CourseItemManagement/backend/vendor/laravel/framework/src/Illuminate/Database/Eloquent/Builder.php(1128): Illuminate\\Database\\Eloquent\\Model->save()
#12 /home/hackerearth348/Downloads/CourseItemManagement (1)/CourseItemManagement/backend/vendor/laravel/framework/src/Illuminate/Support/helpers.php(399): Illuminate\\Database\\Eloquent\\Builder->{closure:Illuminate\\Database\\Eloquent\\Builder::create():1127}()
#13 /home/hackerearth348/Downloads/CourseItemManagement (1)/CourseItemManagement/backend/vendor/laravel/framework/src/Illuminate/Database/Eloquent/Builder.php(1127): tap()
#14 /home/hackerearth348/Downloads/CourseItemManagement (1)/CourseItemManagement/backend/vendor/laravel/framework/src/Illuminate/Support/Traits/ForwardsCalls.php(23): Illuminate\\Database\\Eloquent\\Builder->create()
#15 /home/hackerearth348/Downloads/CourseItemManagement (1)/CourseItemManagement/backend/vendor/laravel/framework/src/Illuminate/Database/Eloquent/Model.php(2372): Illuminate\\Database\\Eloquent\\Model->forwardCallTo()
#16 /home/hackerearth348/Downloads/CourseItemManagement (1)/CourseItemManagement/backend/vendor/laravel/framework/src/Illuminate/Database/Eloquent/Model.php(2384): Illuminate\\Database\\Eloquent\\Model->__call()
#17 /home/hackerearth348/Downloads/CourseItemManagement (1)/CourseItemManagement/backend/app/Http/Controllers/ItemController.php(26): Illuminate\\Database\\Eloquent\\Model::__callStatic()
#18 /home/hackerearth348/Downloads/CourseItemManagement (1)/CourseItemManagement/backend/vendor/laravel/framework/src/Illuminate/Routing/Controller.php(54): App\\Http\\Controllers\\ItemController->store()
#19 /home/hackerearth348/Downloads/CourseItemManagement (1)/CourseItemManagement/backend/vendor/laravel/framework/src/Illuminate/Routing/ControllerDispatcher.php(44): Illuminate\\Routing\\Controller->callAction()
#20 /home/hackerearth348/Downloads/CourseItemManagement (1)/CourseItemManagement/backend/vendor/laravel/framework/src/Illuminate/Routing/Route.php(266): Illuminate\\Routing\\ControllerDispatcher->dispatch()
#21 /home/hackerearth348/Downloads/CourseItemManagement (1)/CourseItemManagement/backend/vendor/laravel/framework/src/Illuminate/Routing/Route.php(212): Illuminate\\Routing\\Route->runController()
#22 /home/hackerearth348/Downloads/CourseItemManagement (1)/CourseItemManagement/backend/vendor/laravel/framework/src/Illuminate/Routing/Router.php(808): Illuminate\\Routing\\Route->run()
#23 /home/hackerearth348/Downloads/CourseItemManagement (1)/CourseItemManagement/backend/vendor/laravel/framework/src/Illuminate/Pipeline/Pipeline.php(170): Illuminate\\Routing\\Router->{closure:Illuminate\\Routing\\Router::runRouteWithinStack():807}()
#24 /home/hackerearth348/Downloads/CourseItemManagement (1)/CourseItemManagement/backend/vendor/laravel/framework/src/Illuminate/Routing/Middleware/SubstituteBindings.php(51): Illuminate\\Pipeline\\Pipeline->{closure:Illuminate\\Pipeline\\Pipeline::prepareDestination():168}()
#25 /home/hackerearth348/Downloads/CourseItemManagement (1)/CourseItemManagement/backend/vendor/laravel/framework/src/Illuminate/Pipeline/Pipeline.php(209): Illuminate\\Routing\\Middleware\\SubstituteBindings->handle()
#26 /home/hackerearth348/Downloads/CourseItemManagement (1)/CourseItemManagement/backend/vendor/laravel/framework/src/Illuminate/Routing/Middleware/ThrottleRequests.php(161): Illuminate\\Pipeline\\Pipeline->{closure:{closure:Illuminate\\Pipeline\\Pipeline::carry():184}:185}()
#27 /home/hackerearth348/Downloads/CourseItemManagement (1)/CourseItemManagement/backend/vendor/laravel/framework/src/Illuminate/Routing/Middleware/ThrottleRequests.php(127): Illuminate\\Routing\\Middleware\\ThrottleRequests->handleRequest()
#28 /home/hackerearth348/Downloads/CourseItemManagement (1)/CourseItemManagement/backend/vendor/laravel/framework/src/Illuminate/Routing/Middleware/ThrottleRequests.php(89): Illuminate\\Routing\\Middleware\\ThrottleRequests->handleRequestUsingNamedLimiter()
#29 /home/hackerearth348/Downloads/CourseItemManagement (1)/CourseItemManagement/backend/vendor/laravel/framework/src/Illuminate/Pipeline/Pipeline.php(209): Illuminate\\Routing\\Middleware\\ThrottleRequests->handle()
#30 /home/hackerearth348/Downloads/CourseItemManagement (1)/CourseItemManagement/backend/vendor/laravel/framework/src/Illuminate/Pipeline/Pipeline.php(127): Illuminate\\Pipeline\\Pipeline->{closure:{closure:Illuminate\\Pipeline\\Pipeline::carry():184}:185}()
#31 /home/hackerearth348/Downloads/CourseItemManagement (1)/CourseItemManagement/backend/vendor/laravel/framework/src/Illuminate/Routing/Router.php(807): Illuminate\\Pipeline\\Pipeline->then()
#32 /home/hackerearth348/Downloads/CourseItemManagement (1)/CourseItemManagement/backend/vendor/laravel/framework/src/Illuminate/Routing/Router.php(786): Illuminate\\Routing\\Router->runRouteWithinStack()
#33 /home/hackerearth348/Downloads/CourseItemManagement (1)/CourseItemManagement/backend/vendor/laravel/framework/src/Illuminate/Routing/Router.php(750): Illuminate\\Routing\\Router->runRoute()
#34 /home/hackerearth348/Downloads/CourseItemManagement (1)/CourseItemManagement/backend/vendor/laravel/framework/src/Illuminate/Routing/Router.php(739): Illuminate\\Routing\\Router->dispatchToRoute()
#35 /home/hackerearth348/Downloads/CourseItemManagement (1)/CourseItemManagement/backend/vendor/laravel/framework/src/Illuminate/Foundation/Http/Kernel.php(201): Illuminate\\Routing\\Router->dispatch()
#36 /home/hackerearth348/Downloads/CourseItemManagement (1)/CourseItemManagement/backend/vendor/laravel/framework/src/Illuminate/Pipeline/Pipeline.php(170): Illuminate\\Foundation\\Http\\Kernel->{closure:Illuminate\\Foundation\\Http\\Kernel::dispatchToRouter():198}()
#37 /home/hackerearth348/Downloads/CourseItemManagement (1)/CourseItemManagement/backend/vendor/laravel/framework/src/Illuminate/Foundation/Http/Middleware/TransformsRequest.php(21): Illuminate\\Pipeline\\Pipeline->{closure:Illuminate\\Pipeline\\Pipeline::prepareDestination():168}()
#38 /home/hackerearth348/Downloads/CourseItemManagement (1)/CourseItemManagement/backend/vendor/laravel/framework/src/Illuminate/Foundation/Http/Middleware/ConvertEmptyStringsToNull.php(31): Illuminate\\Foundation\\Http\\Middleware\\TransformsRequest->handle()
#39 /home/hackerearth348/Downloads/CourseItemManagement (1)/CourseItemManagement/backend/vendor/laravel/framework/src/Illuminate/Pipeline/Pipeline.php(209): Illuminate\\Foundation\\Http\\Middleware\\ConvertEmptyStringsToNull->handle()
#40 /home/hackerearth348/Downloads/CourseItemManagement (1)/CourseItemManagement/backend/vendor/laravel/framework/src/Illuminate/Foundation/Http/Middleware/TransformsRequest.php(21): Illuminate\\Pipeline\\Pipeline->{closure:{closure:Illuminate\\Pipeline\\Pipeline::carry():184}:185}()
#41 /home/hackerearth348/Downloads/CourseItemManagement (1)/CourseItemManagement/backend/vendor/laravel/framework/src/Illuminate/Foundation/Http/Middleware/TrimStrings.php(51): Illuminate\\Foundation\\Http\\Middleware\\TransformsRequest->handle()
#42 /home/hackerearth348/Downloads/CourseItemManagement (1)/CourseItemManagement/backend/vendor/laravel/framework/src/Illuminate/Pipeline/Pipeline.php(209): Illuminate\\Foundation\\Http\\Middleware\\TrimStrings->handle()
#43 /home/hackerearth348/Downloads/CourseItemManagement (1)/CourseItemManagement/backend/vendor/laravel/framework/src/Illuminate/Http/Middleware/ValidatePostSize.php(27): Illuminate\\Pipeline\\Pipeline->{closure:{closure:Illuminate\\Pipeline\\Pipeline::carry():184}:185}()
#44 /home/hackerearth348/Downloads/CourseItemManagement (1)/CourseItemManagement/backend/vendor/laravel/framework/src/Illuminate/Pipeline/Pipeline.php(209): Illuminate\\Http\\Middleware\\ValidatePostSize->handle()
#45 /home/hackerearth348/Downloads/CourseItemManagement (1)/CourseItemManagement/backend/vendor/laravel/framework/src/Illuminate/Foundation/Http/Middleware/PreventRequestsDuringMaintenance.php(110): Illuminate\\Pipeline\\Pipeline->{closure:{closure:Illuminate\\Pipeline\\Pipeline::carry():184}:185}()
#46 /home/hackerearth348/Downloads/CourseItemManagement (1)/CourseItemManagement/backend/vendor/laravel/framework/src/Illuminate/Pipeline/Pipeline.php(209): Illuminate\\Foundation\\Http\\Middleware\\PreventRequestsDuringMaintenance->handle()
#47 /home/hackerearth348/Downloads/CourseItemManagement (1)/CourseItemManagement/backend/vendor/laravel/framework/src/Illuminate/Http/Middleware/TrustProxies.php(58): Illuminate\\Pipeline\\Pipeline->{closure:{closure:Illuminate\\Pipeline\\Pipeline::carry():184}:185}()
#48 /home/hackerearth348/Downloads/CourseItemManagement (1)/CourseItemManagement/backend/vendor/laravel/framework/src/Illuminate/Pipeline/Pipeline.php(209): Illuminate\\Http\\Middleware\\TrustProxies->handle()
#49 /home/hackerearth348/Downloads/CourseItemManagement (1)/CourseItemManagement/backend/vendor/laravel/framework/src/Illuminate/Pipeline/Pipeline.php(127): Illuminate\\Pipeline\\Pipeline->{closure:{closure:Illuminate\\Pipeline\\Pipeline::carry():184}:185}()
#50 /home/hackerearth348/Downloads/CourseItemManagement (1)/CourseItemManagement/backend/vendor/laravel/framework/src/Illuminate/Foundation/Http/Kernel.php(176): Illuminate\\Pipeline\\Pipeline->then()
#51 /home/hackerearth348/Downloads/CourseItemManagement (1)/CourseItemManagement/backend/vendor/laravel/framework/src/Illuminate/Foundation/Http/Kernel.php(145): Illuminate\\Foundation\\Http\\Kernel->sendRequestThroughRouter()
#52 /home/hackerearth348/Downloads/CourseItemManagement (1)/CourseItemManagement/backend/public/index.php(51): Illuminate\\Foundation\\Http\\Kernel->handle()
#53 /home/hackerearth348/Downloads/CourseItemManagement (1)/CourseItemManagement/backend/server.php(21): require_once('...')
#54 {main}
"} 
[2025-09-10 07:25:27] local.ERROR: SQLSTATE[23000]: Integrity constraint violation: 19 NOT NULL constraint failed: items.price (Connection: sqlite, SQL: insert into "items" ("name", "updated_at", "created_at") values (Test Item, 2025-09-10 07:25:27, 2025-09-10 07:25:27)) {"exception":"[object] (Illuminate\\Database\\QueryException(code: 23000): SQLSTATE[23000]: Integrity constraint violation: 19 NOT NULL constraint failed: items.price (Connection: sqlite, SQL: insert into \"items\" (\"name\", \"updated_at\", \"created_at\") values (Test Item, 2025-09-10 07:25:27, 2025-09-10 07:25:27)) at /home/hackerearth348/Downloads/CourseItemManagement (1)/CourseItemManagement/backend/vendor/laravel/framework/src/Illuminate/Database/Connection.php:825)
[stacktrace]
#0 /home/hackerearth348/Downloads/CourseItemManagement (1)/CourseItemManagement/backend/vendor/laravel/framework/src/Illuminate/Database/Connection.php(779): Illuminate\\Database\\Connection->runQueryCallback()
#1 /home/hackerearth348/Downloads/CourseItemManagement (1)/CourseItemManagement/backend/vendor/laravel/framework/src/Illuminate/Database/Connection.php(560): Illuminate\\Database\\Connection->run()
#2 /home/hackerearth348/Downloads/CourseItemManagement (1)/CourseItemManagement/backend/vendor/laravel/framework/src/Illuminate/Database/Connection.php(524): Illuminate\\Database\\Connection->statement()
#3 /home/hackerearth348/Downloads/CourseItemManagement (1)/CourseItemManagement/backend/vendor/laravel/framework/src/Illuminate/Database/Query/Processors/Processor.php(32): Illuminate\\Database\\Connection->insert()
#4 /home/hackerearth348/Downloads/CourseItemManagement (1)/CourseItemManagement/backend/vendor/laravel/framework/src/Illuminate/Database/Query/Builder.php(3766): Illuminate\\Database\\Query\\Processors\\Processor->processInsertGetId()
#5 /home/hackerearth348/Downloads/CourseItemManagement (1)/CourseItemManagement/backend/vendor/laravel/framework/src/Illuminate/Database/Eloquent/Builder.php(2120): Illuminate\\Database\\Query\\Builder->insertGetId()
#6 /home/hackerearth348/Downloads/CourseItemManagement (1)/CourseItemManagement/backend/vendor/laravel/framework/src/Illuminate/Database/Eloquent/Model.php(1359): Illuminate\\Database\\Eloquent\\Builder->__call()
#7 /home/hackerearth348/Downloads/CourseItemManagement (1)/CourseItemManagement/backend/vendor/laravel/framework/src/Illuminate/Database/Eloquent/Model.php(1324): Illuminate\\Database\\Eloquent\\Model->insertAndSetId()
#8 /home/hackerearth348/Downloads/CourseItemManagement (1)/CourseItemManagement/backend/vendor/laravel/framework/src/Illuminate/Database/Eloquent/Model.php(1163): Illuminate\\Database\\Eloquent\\Model->performInsert()
#9 /home/hackerearth348/Downloads/CourseItemManagement (1)/CourseItemManagement/backend/vendor/laravel/framework/src/Illuminate/Database/Eloquent/Builder.php(1128): Illuminate\\Database\\Eloquent\\Model->save()
#10 /home/hackerearth348/Downloads/CourseItemManagement (1)/CourseItemManagement/backend/vendor/laravel/framework/src/Illuminate/Support/helpers.php(399): Illuminate\\Database\\Eloquent\\Builder->{closure:Illuminate\\Database\\Eloquent\\Builder::create():1127}()
#11 /home/hackerearth348/Downloads/CourseItemManagement (1)/CourseItemManagement/backend/vendor/laravel/framework/src/Illuminate/Database/Eloquent/Builder.php(1127): tap()
#12 /home/hackerearth348/Downloads/CourseItemManagement (1)/CourseItemManagement/backend/vendor/laravel/framework/src/Illuminate/Support/Traits/ForwardsCalls.php(23): Illuminate\\Database\\Eloquent\\Builder->create()
#13 /home/hackerearth348/Downloads/CourseItemManagement (1)/CourseItemManagement/backend/vendor/laravel/framework/src/Illuminate/Database/Eloquent/Model.php(2372): Illuminate\\Database\\Eloquent\\Model->forwardCallTo()
#14 /home/hackerearth348/Downloads/CourseItemManagement (1)/CourseItemManagement/backend/vendor/laravel/framework/src/Illuminate/Database/Eloquent/Model.php(2384): Illuminate\\Database\\Eloquent\\Model->__call()
#15 /home/hackerearth348/Downloads/CourseItemManagement (1)/CourseItemManagement/backend/app/Http/Controllers/ItemController.php(26): Illuminate\\Database\\Eloquent\\Model::__callStatic()
#16 /home/hackerearth348/Downloads/CourseItemManagement (1)/CourseItemManagement/backend/vendor/laravel/framework/src/Illuminate/Routing/Controller.php(54): App\\Http\\Controllers\\ItemController->store()
#17 /home/hackerearth348/Downloads/CourseItemManagement (1)/CourseItemManagement/backend/vendor/laravel/framework/src/Illuminate/Routing/ControllerDispatcher.php(44): Illuminate\\Routing\\Controller->callAction()
#18 /home/hackerearth348/Downloads/CourseItemManagement (1)/CourseItemManagement/backend/vendor/laravel/framework/src/Illuminate/Routing/Route.php(266): Illuminate\\Routing\\ControllerDispatcher->dispatch()
#19 /home/hackerearth348/Downloads/CourseItemManagement (1)/CourseItemManagement/backend/vendor/laravel/framework/src/Illuminate/Routing/Route.php(212): Illuminate\\Routing\\Route->runController()
#20 /home/hackerearth348/Downloads/CourseItemManagement (1)/CourseItemManagement/backend/vendor/laravel/framework/src/Illuminate/Routing/Router.php(808): Illuminate\\Routing\\Route->run()
#21 /home/hackerearth348/Downloads/CourseItemManagement (1)/CourseItemManagement/backend/vendor/laravel/framework/src/Illuminate/Pipeline/Pipeline.php(170): Illuminate\\Routing\\Router->{closure:Illuminate\\Routing\\Router::runRouteWithinStack():807}()
#22 /home/hackerearth348/Downloads/CourseItemManagement (1)/CourseItemManagement/backend/vendor/laravel/framework/src/Illuminate/Routing/Middleware/SubstituteBindings.php(51): Illuminate\\Pipeline\\Pipeline->{closure:Illuminate\\Pipeline\\Pipeline::prepareDestination():168}()
#23 /home/hackerearth348/Downloads/CourseItemManagement (1)/CourseItemManagement/backend/vendor/laravel/framework/src/Illuminate/Pipeline/Pipeline.php(209): Illuminate\\Routing\\Middleware\\SubstituteBindings->handle()
#24 /home/hackerearth348/Downloads/CourseItemManagement (1)/CourseItemManagement/backend/vendor/laravel/framework/src/Illuminate/Routing/Middleware/ThrottleRequests.php(161): Illuminate\\Pipeline\\Pipeline->{closure:{closure:Illuminate\\Pipeline\\Pipeline::carry():184}:185}()
#25 /home/hackerearth348/Downloads/CourseItemManagement (1)/CourseItemManagement/backend/vendor/laravel/framework/src/Illuminate/Routing/Middleware/ThrottleRequests.php(127): Illuminate\\Routing\\Middleware\\ThrottleRequests->handleRequest()
#26 /home/hackerearth348/Downloads/CourseItemManagement (1)/CourseItemManagement/backend/vendor/laravel/framework/src/Illuminate/Routing/Middleware/ThrottleRequests.php(89): Illuminate\\Routing\\Middleware\\ThrottleRequests->handleRequestUsingNamedLimiter()
#27 /home/hackerearth348/Downloads/CourseItemManagement (1)/CourseItemManagement/backend/vendor/laravel/framework/src/Illuminate/Pipeline/Pipeline.php(209): Illuminate\\Routing\\Middleware\\ThrottleRequests->handle()
#28 /home/hackerearth348/Downloads/CourseItemManagement (1)/CourseItemManagement/backend/vendor/laravel/framework/src/Illuminate/Pipeline/Pipeline.php(127): Illuminate\\Pipeline\\Pipeline->{closure:{closure:Illuminate\\Pipeline\\Pipeline::carry():184}:185}()
#29 /home/hackerearth348/Downloads/CourseItemManagement (1)/CourseItemManagement/backend/vendor/laravel/framework/src/Illuminate/Routing/Router.php(807): Illuminate\\Pipeline\\Pipeline->then()
#30 /home/hackerearth348/Downloads/CourseItemManagement (1)/CourseItemManagement/backend/vendor/laravel/framework/src/Illuminate/Routing/Router.php(786): Illuminate\\Routing\\Router->runRouteWithinStack()
#31 /home/hackerearth348/Downloads/CourseItemManagement (1)/CourseItemManagement/backend/vendor/laravel/framework/src/Illuminate/Routing/Router.php(750): Illuminate\\Routing\\Router->runRoute()
#32 /home/hackerearth348/Downloads/CourseItemManagement (1)/CourseItemManagement/backend/vendor/laravel/framework/src/Illuminate/Routing/Router.php(739): Illuminate\\Routing\\Router->dispatchToRoute()
#33 /home/hackerearth348/Downloads/CourseItemManagement (1)/CourseItemManagement/backend/vendor/laravel/framework/src/Illuminate/Foundation/Http/Kernel.php(201): Illuminate\\Routing\\Router->dispatch()
#34 /home/hackerearth348/Downloads/CourseItemManagement (1)/CourseItemManagement/backend/vendor/laravel/framework/src/Illuminate/Pipeline/Pipeline.php(170): Illuminate\\Foundation\\Http\\Kernel->{closure:Illuminate\\Foundation\\Http\\Kernel::dispatchToRouter():198}()
#35 /home/hackerearth348/Downloads/CourseItemManagement (1)/CourseItemManagement/backend/vendor/laravel/framework/src/Illuminate/Foundation/Http/Middleware/TransformsRequest.php(21): Illuminate\\Pipeline\\Pipeline->{closure:Illuminate\\Pipeline\\Pipeline::prepareDestination():168}()
#36 /home/hackerearth348/Downloads/CourseItemManagement (1)/CourseItemManagement/backend/vendor/laravel/framework/src/Illuminate/Foundation/Http/Middleware/ConvertEmptyStringsToNull.php(31): Illuminate\\Foundation\\Http\\Middleware\\TransformsRequest->handle()
#37 /home/hackerearth348/Downloads/CourseItemManagement (1)/CourseItemManagement/backend/vendor/laravel/framework/src/Illuminate/Pipeline/Pipeline.php(209): Illuminate\\Foundation\\Http\\Middleware\\ConvertEmptyStringsToNull->handle()
#38 /home/hackerearth348/Downloads/CourseItemManagement (1)/CourseItemManagement/backend/vendor/laravel/framework/src/Illuminate/Foundation/Http/Middleware/TransformsRequest.php(21): Illuminate\\Pipeline\\Pipeline->{closure:{closure:Illuminate\\Pipeline\\Pipeline::carry():184}:185}()
#39 /home/hackerearth348/Downloads/CourseItemManagement (1)/CourseItemManagement/backend/vendor/laravel/framework/src/Illuminate/Foundation/Http/Middleware/TrimStrings.php(51): Illuminate\\Foundation\\Http\\Middleware\\TransformsRequest->handle()
#40 /home/hackerearth348/Downloads/CourseItemManagement (1)/CourseItemManagement/backend/vendor/laravel/framework/src/Illuminate/Pipeline/Pipeline.php(209): Illuminate\\Foundation\\Http\\Middleware\\TrimStrings->handle()
#41 /home/hackerearth348/Downloads/CourseItemManagement (1)/CourseItemManagement/backend/vendor/laravel/framework/src/Illuminate/Http/Middleware/ValidatePostSize.php(27): Illuminate\\Pipeline\\Pipeline->{closure:{closure:Illuminate\\Pipeline\\Pipeline::carry():184}:185}()
#42 /home/hackerearth348/Downloads/CourseItemManagement (1)/CourseItemManagement/backend/vendor/laravel/framework/src/Illuminate/Pipeline/Pipeline.php(209): Illuminate\\Http\\Middleware\\ValidatePostSize->handle()
#43 /home/hackerearth348/Downloads/CourseItemManagement (1)/CourseItemManagement/backend/vendor/laravel/framework/src/Illuminate/Foundation/Http/Middleware/PreventRequestsDuringMaintenance.php(110): Illuminate\\Pipeline\\Pipeline->{closure:{closure:Illuminate\\Pipeline\\Pipeline::carry():184}:185}()
#44 /home/hackerearth348/Downloads/CourseItemManagement (1)/CourseItemManagement/backend/vendor/laravel/framework/src/Illuminate/Pipeline/Pipeline.php(209): Illuminate\\Foundation\\Http\\Middleware\\PreventRequestsDuringMaintenance->handle()
#45 /home/hackerearth348/Downloads/CourseItemManagement (1)/CourseItemManagement/backend/vendor/laravel/framework/src/Illuminate/Http/Middleware/TrustProxies.php(58): Illuminate\\Pipeline\\Pipeline->{closure:{closure:Illuminate\\Pipeline\\Pipeline::carry():184}:185}()
#46 /home/hackerearth348/Downloads/CourseItemManagement (1)/CourseItemManagement/backend/vendor/laravel/framework/src/Illuminate/Pipeline/Pipeline.php(209): Illuminate\\Http\\Middleware\\TrustProxies->handle()
#47 /home/hackerearth348/Downloads/CourseItemManagement (1)/CourseItemManagement/backend/vendor/laravel/framework/src/Illuminate/Pipeline/Pipeline.php(127): Illuminate\\Pipeline\\Pipeline->{closure:{closure:Illuminate\\Pipeline\\Pipeline::carry():184}:185}()
#48 /home/hackerearth348/Downloads/CourseItemManagement (1)/CourseItemManagement/backend/vendor/laravel/framework/src/Illuminate/Foundation/Http/Kernel.php(176): Illuminate\\Pipeline\\Pipeline->then()
#49 /home/hackerearth348/Downloads/CourseItemManagement (1)/CourseItemManagement/backend/vendor/laravel/framework/src/Illuminate/Foundation/Http/Kernel.php(145): Illuminate\\Foundation\\Http\\Kernel->sendRequestThroughRouter()
#50 /home/hackerearth348/Downloads/CourseItemManagement (1)/CourseItemManagement/backend/public/index.php(51): Illuminate\\Foundation\\Http\\Kernel->handle()
#51 /home/hackerearth348/Downloads/CourseItemManagement (1)/CourseItemManagement/backend/server.php(21): require_once('...')
#52 {main}

[previous exception] [object] (PDOException(code: 23000): SQLSTATE[23000]: Integrity constraint violation: 19 NOT NULL constraint failed: items.price at /home/hackerearth348/Downloads/CourseItemManagement (1)/CourseItemManagement/backend/vendor/laravel/framework/src/Illuminate/Database/Connection.php:571)
[stacktrace]
#0 /home/hackerearth348/Downloads/CourseItemManagement (1)/CourseItemManagement/backend/vendor/laravel/framework/src/Illuminate/Database/Connection.php(571): PDOStatement->execute()
#1 /home/hackerearth348/Downloads/CourseItemManagement (1)/CourseItemManagement/backend/vendor/laravel/framework/src/Illuminate/Database/Connection.php(812): Illuminate\\Database\\Connection->{closure:Illuminate\\Database\\Connection::statement():560}()
#2 /home/hackerearth348/Downloads/CourseItemManagement (1)/CourseItemManagement/backend/vendor/laravel/framework/src/Illuminate/Database/Connection.php(779): Illuminate\\Database\\Connection->runQueryCallback()
#3 /home/hackerearth348/Downloads/CourseItemManagement (1)/CourseItemManagement/backend/vendor/laravel/framework/src/Illuminate/Database/Connection.php(560): Illuminate\\Database\\Connection->run()
#4 /home/hackerearth348/Downloads/CourseItemManagement (1)/CourseItemManagement/backend/vendor/laravel/framework/src/Illuminate/Database/Connection.php(524): Illuminate\\Database\\Connection->statement()
#5 /home/hackerearth348/Downloads/CourseItemManagement (1)/CourseItemManagement/backend/vendor/laravel/framework/src/Illuminate/Database/Query/Processors/Processor.php(32): Illuminate\\Database\\Connection->insert()
#6 /home/hackerearth348/Downloads/CourseItemManagement (1)/CourseItemManagement/backend/vendor/laravel/framework/src/Illuminate/Database/Query/Builder.php(3766): Illuminate\\Database\\Query\\Processors\\Processor->processInsertGetId()
#7 /home/hackerearth348/Downloads/CourseItemManagement (1)/CourseItemManagement/backend/vendor/laravel/framework/src/Illuminate/Database/Eloquent/Builder.php(2120): Illuminate\\Database\\Query\\Builder->insertGetId()
#8 /home/hackerearth348/Downloads/CourseItemManagement (1)/CourseItemManagement/backend/vendor/laravel/framework/src/Illuminate/Database/Eloquent/Model.php(1359): Illuminate\\Database\\Eloquent\\Builder->__call()
#9 /home/hackerearth348/Downloads/CourseItemManagement (1)/CourseItemManagement/backend/vendor/laravel/framework/src/Illuminate/Database/Eloquent/Model.php(1324): Illuminate\\Database\\Eloquent\\Model->insertAndSetId()
#10 /home/hackerearth348/Downloads/CourseItemManagement (1)/CourseItemManagement/backend/vendor/laravel/framework/src/Illuminate/Database/Eloquent/Model.php(1163): Illuminate\\Database\\Eloquent\\Model->performInsert()
#11 /home/hackerearth348/Downloads/CourseItemManagement (1)/CourseItemManagement/backend/vendor/laravel/framework/src/Illuminate/Database/Eloquent/Builder.php(1128): Illuminate\\Database\\Eloquent\\Model->save()
#12 /home/hackerearth348/Downloads/CourseItemManagement (1)/CourseItemManagement/backend/vendor/laravel/framework/src/Illuminate/Support/helpers.php(399): Illuminate\\Database\\Eloquent\\Builder->{closure:Illuminate\\Database\\Eloquent\\Builder::create():1127}()
#13 /home/hackerearth348/Downloads/CourseItemManagement (1)/CourseItemManagement/backend/vendor/laravel/framework/src/Illuminate/Database/Eloquent/Builder.php(1127): tap()
#14 /home/hackerearth348/Downloads/CourseItemManagement (1)/CourseItemManagement/backend/vendor/laravel/framework/src/Illuminate/Support/Traits/ForwardsCalls.php(23): Illuminate\\Database\\Eloquent\\Builder->create()
#15 /home/hackerearth348/Downloads/CourseItemManagement (1)/CourseItemManagement/backend/vendor/laravel/framework/src/Illuminate/Database/Eloquent/Model.php(2372): Illuminate\\Database\\Eloquent\\Model->forwardCallTo()
#16 /home/hackerearth348/Downloads/CourseItemManagement (1)/CourseItemManagement/backend/vendor/laravel/framework/src/Illuminate/Database/Eloquent/Model.php(2384): Illuminate\\Database\\Eloquent\\Model->__call()
#17 /home/hackerearth348/Downloads/CourseItemManagement (1)/CourseItemManagement/backend/app/Http/Controllers/ItemController.php(26): Illuminate\\Database\\Eloquent\\Model::__callStatic()
#18 /home/hackerearth348/Downloads/CourseItemManagement (1)/CourseItemManagement/backend/vendor/laravel/framework/src/Illuminate/Routing/Controller.php(54): App\\Http\\Controllers\\ItemController->store()
#19 /home/hackerearth348/Downloads/CourseItemManagement (1)/CourseItemManagement/backend/vendor/laravel/framework/src/Illuminate/Routing/ControllerDispatcher.php(44): Illuminate\\Routing\\Controller->callAction()
#20 /home/hackerearth348/Downloads/CourseItemManagement (1)/CourseItemManagement/backend/vendor/laravel/framework/src/Illuminate/Routing/Route.php(266): Illuminate\\Routing\\ControllerDispatcher->dispatch()
#21 /home/hackerearth348/Downloads/CourseItemManagement (1)/CourseItemManagement/backend/vendor/laravel/framework/src/Illuminate/Routing/Route.php(212): Illuminate\\Routing\\Route->runController()
#22 /home/hackerearth348/Downloads/CourseItemManagement (1)/CourseItemManagement/backend/vendor/laravel/framework/src/Illuminate/Routing/Router.php(808): Illuminate\\Routing\\Route->run()
#23 /home/hackerearth348/Downloads/CourseItemManagement (1)/CourseItemManagement/backend/vendor/laravel/framework/src/Illuminate/Pipeline/Pipeline.php(170): Illuminate\\Routing\\Router->{closure:Illuminate\\Routing\\Router::runRouteWithinStack():807}()
#24 /home/hackerearth348/Downloads/CourseItemManagement (1)/CourseItemManagement/backend/vendor/laravel/framework/src/Illuminate/Routing/Middleware/SubstituteBindings.php(51): Illuminate\\Pipeline\\Pipeline->{closure:Illuminate\\Pipeline\\Pipeline::prepareDestination():168}()
#25 /home/hackerearth348/Downloads/CourseItemManagement (1)/CourseItemManagement/backend/vendor/laravel/framework/src/Illuminate/Pipeline/Pipeline.php(209): Illuminate\\Routing\\Middleware\\SubstituteBindings->handle()
#26 /home/hackerearth348/Downloads/CourseItemManagement (1)/CourseItemManagement/backend/vendor/laravel/framework/src/Illuminate/Routing/Middleware/ThrottleRequests.php(161): Illuminate\\Pipeline\\Pipeline->{closure:{closure:Illuminate\\Pipeline\\Pipeline::carry():184}:185}()
#27 /home/hackerearth348/Downloads/CourseItemManagement (1)/CourseItemManagement/backend/vendor/laravel/framework/src/Illuminate/Routing/Middleware/ThrottleRequests.php(127): Illuminate\\Routing\\Middleware\\ThrottleRequests->handleRequest()
#28 /home/hackerearth348/Downloads/CourseItemManagement (1)/CourseItemManagement/backend/vendor/laravel/framework/src/Illuminate/Routing/Middleware/ThrottleRequests.php(89): Illuminate\\Routing\\Middleware\\ThrottleRequests->handleRequestUsingNamedLimiter()
#29 /home/hackerearth348/Downloads/CourseItemManagement (1)/CourseItemManagement/backend/vendor/laravel/framework/src/Illuminate/Pipeline/Pipeline.php(209): Illuminate\\Routing\\Middleware\\ThrottleRequests->handle()
#30 /home/hackerearth348/Downloads/CourseItemManagement (1)/CourseItemManagement/backend/vendor/laravel/framework/src/Illuminate/Pipeline/Pipeline.php(127): Illuminate\\Pipeline\\Pipeline->{closure:{closure:Illuminate\\Pipeline\\Pipeline::carry():184}:185}()
#31 /home/hackerearth348/Downloads/CourseItemManagement (1)/CourseItemManagement/backend/vendor/laravel/framework/src/Illuminate/Routing/Router.php(807): Illuminate\\Pipeline\\Pipeline->then()
#32 /home/hackerearth348/Downloads/CourseItemManagement (1)/CourseItemManagement/backend/vendor/laravel/framework/src/Illuminate/Routing/Router.php(786): Illuminate\\Routing\\Router->runRouteWithinStack()
#33 /home/hackerearth348/Downloads/CourseItemManagement (1)/CourseItemManagement/backend/vendor/laravel/framework/src/Illuminate/Routing/Router.php(750): Illuminate\\Routing\\Router->runRoute()
#34 /home/hackerearth348/Downloads/CourseItemManagement (1)/CourseItemManagement/backend/vendor/laravel/framework/src/Illuminate/Routing/Router.php(739): Illuminate\\Routing\\Router->dispatchToRoute()
#35 /home/hackerearth348/Downloads/CourseItemManagement (1)/CourseItemManagement/backend/vendor/laravel/framework/src/Illuminate/Foundation/Http/Kernel.php(201): Illuminate\\Routing\\Router->dispatch()
#36 /home/hackerearth348/Downloads/CourseItemManagement (1)/CourseItemManagement/backend/vendor/laravel/framework/src/Illuminate/Pipeline/Pipeline.php(170): Illuminate\\Foundation\\Http\\Kernel->{closure:Illuminate\\Foundation\\Http\\Kernel::dispatchToRouter():198}()
#37 /home/hackerearth348/Downloads/CourseItemManagement (1)/CourseItemManagement/backend/vendor/laravel/framework/src/Illuminate/Foundation/Http/Middleware/TransformsRequest.php(21): Illuminate\\Pipeline\\Pipeline->{closure:Illuminate\\Pipeline\\Pipeline::prepareDestination():168}()
#38 /home/hackerearth348/Downloads/CourseItemManagement (1)/CourseItemManagement/backend/vendor/laravel/framework/src/Illuminate/Foundation/Http/Middleware/ConvertEmptyStringsToNull.php(31): Illuminate\\Foundation\\Http\\Middleware\\TransformsRequest->handle()
#39 /home/hackerearth348/Downloads/CourseItemManagement (1)/CourseItemManagement/backend/vendor/laravel/framework/src/Illuminate/Pipeline/Pipeline.php(209): Illuminate\\Foundation\\Http\\Middleware\\ConvertEmptyStringsToNull->handle()
#40 /home/hackerearth348/Downloads/CourseItemManagement (1)/CourseItemManagement/backend/vendor/laravel/framework/src/Illuminate/Foundation/Http/Middleware/TransformsRequest.php(21): Illuminate\\Pipeline\\Pipeline->{closure:{closure:Illuminate\\Pipeline\\Pipeline::carry():184}:185}()
#41 /home/hackerearth348/Downloads/CourseItemManagement (1)/CourseItemManagement/backend/vendor/laravel/framework/src/Illuminate/Foundation/Http/Middleware/TrimStrings.php(51): Illuminate\\Foundation\\Http\\Middleware\\TransformsRequest->handle()
#42 /home/hackerearth348/Downloads/CourseItemManagement (1)/CourseItemManagement/backend/vendor/laravel/framework/src/Illuminate/Pipeline/Pipeline.php(209): Illuminate\\Foundation\\Http\\Middleware\\TrimStrings->handle()
#43 /home/hackerearth348/Downloads/CourseItemManagement (1)/CourseItemManagement/backend/vendor/laravel/framework/src/Illuminate/Http/Middleware/ValidatePostSize.php(27): Illuminate\\Pipeline\\Pipeline->{closure:{closure:Illuminate\\Pipeline\\Pipeline::carry():184}:185}()
#44 /home/hackerearth348/Downloads/CourseItemManagement (1)/CourseItemManagement/backend/vendor/laravel/framework/src/Illuminate/Pipeline/Pipeline.php(209): Illuminate\\Http\\Middleware\\ValidatePostSize->handle()
#45 /home/hackerearth348/Downloads/CourseItemManagement (1)/CourseItemManagement/backend/vendor/laravel/framework/src/Illuminate/Foundation/Http/Middleware/PreventRequestsDuringMaintenance.php(110): Illuminate\\Pipeline\\Pipeline->{closure:{closure:Illuminate\\Pipeline\\Pipeline::carry():184}:185}()
#46 /home/hackerearth348/Downloads/CourseItemManagement (1)/CourseItemManagement/backend/vendor/laravel/framework/src/Illuminate/Pipeline/Pipeline.php(209): Illuminate\\Foundation\\Http\\Middleware\\PreventRequestsDuringMaintenance->handle()
#47 /home/hackerearth348/Downloads/CourseItemManagement (1)/CourseItemManagement/backend/vendor/laravel/framework/src/Illuminate/Http/Middleware/TrustProxies.php(58): Illuminate\\Pipeline\\Pipeline->{closure:{closure:Illuminate\\Pipeline\\Pipeline::carry():184}:185}()
#48 /home/hackerearth348/Downloads/CourseItemManagement (1)/CourseItemManagement/backend/vendor/laravel/framework/src/Illuminate/Pipeline/Pipeline.php(209): Illuminate\\Http\\Middleware\\TrustProxies->handle()
#49 /home/hackerearth348/Downloads/CourseItemManagement (1)/CourseItemManagement/backend/vendor/laravel/framework/src/Illuminate/Pipeline/Pipeline.php(127): Illuminate\\Pipeline\\Pipeline->{closure:{closure:Illuminate\\Pipeline\\Pipeline::carry():184}:185}()
#50 /home/hackerearth348/Downloads/CourseItemManagement (1)/CourseItemManagement/backend/vendor/laravel/framework/src/Illuminate/Foundation/Http/Kernel.php(176): Illuminate\\Pipeline\\Pipeline->then()
#51 /home/hackerearth348/Downloads/CourseItemManagement (1)/CourseItemManagement/backend/vendor/laravel/framework/src/Illuminate/Foundation/Http/Kernel.php(145): Illuminate\\Foundation\\Http\\Kernel->sendRequestThroughRouter()
#52 /home/hackerearth348/Downloads/CourseItemManagement (1)/CourseItemManagement/backend/public/index.php(51): Illuminate\\Foundation\\Http\\Kernel->handle()
#53 /home/hackerearth348/Downloads/CourseItemManagement (1)/CourseItemManagement/backend/server.php(21): require_once('...')
#54 {main}
"} 
[2025-09-10 07:29:00] local.ERROR: SQLSTATE[23000]: Integrity constraint violation: 19 NOT NULL constraint failed: items.price (Connection: sqlite, SQL: insert into "items" ("name", "updated_at", "created_at") values (Test Item, 2025-09-10 07:29:00, 2025-09-10 07:29:00)) {"exception":"[object] (Illuminate\\Database\\QueryException(code: 23000): SQLSTATE[23000]: Integrity constraint violation: 19 NOT NULL constraint failed: items.price (Connection: sqlite, SQL: insert into \"items\" (\"name\", \"updated_at\", \"created_at\") values (Test Item, 2025-09-10 07:29:00, 2025-09-10 07:29:00)) at /home/hackerearth348/Downloads/CourseItemManagement (1)/CourseItemManagement/backend/vendor/laravel/framework/src/Illuminate/Database/Connection.php:825)
[stacktrace]
#0 /home/hackerearth348/Downloads/CourseItemManagement (1)/CourseItemManagement/backend/vendor/laravel/framework/src/Illuminate/Database/Connection.php(779): Illuminate\\Database\\Connection->runQueryCallback()
#1 /home/hackerearth348/Downloads/CourseItemManagement (1)/CourseItemManagement/backend/vendor/laravel/framework/src/Illuminate/Database/Connection.php(560): Illuminate\\Database\\Connection->run()
#2 /home/hackerearth348/Downloads/CourseItemManagement (1)/CourseItemManagement/backend/vendor/laravel/framework/src/Illuminate/Database/Connection.php(524): Illuminate\\Database\\Connection->statement()
#3 /home/hackerearth348/Downloads/CourseItemManagement (1)/CourseItemManagement/backend/vendor/laravel/framework/src/Illuminate/Database/Query/Processors/Processor.php(32): Illuminate\\Database\\Connection->insert()
#4 /home/hackerearth348/Downloads/CourseItemManagement (1)/CourseItemManagement/backend/vendor/laravel/framework/src/Illuminate/Database/Query/Builder.php(3766): Illuminate\\Database\\Query\\Processors\\Processor->processInsertGetId()
#5 /home/hackerearth348/Downloads/CourseItemManagement (1)/CourseItemManagement/backend/vendor/laravel/framework/src/Illuminate/Database/Eloquent/Builder.php(2120): Illuminate\\Database\\Query\\Builder->insertGetId()
#6 /home/hackerearth348/Downloads/CourseItemManagement (1)/CourseItemManagement/backend/vendor/laravel/framework/src/Illuminate/Database/Eloquent/Model.php(1359): Illuminate\\Database\\Eloquent\\Builder->__call()
#7 /home/hackerearth348/Downloads/CourseItemManagement (1)/CourseItemManagement/backend/vendor/laravel/framework/src/Illuminate/Database/Eloquent/Model.php(1324): Illuminate\\Database\\Eloquent\\Model->insertAndSetId()
#8 /home/hackerearth348/Downloads/CourseItemManagement (1)/CourseItemManagement/backend/vendor/laravel/framework/src/Illuminate/Database/Eloquent/Model.php(1163): Illuminate\\Database\\Eloquent\\Model->performInsert()
#9 /home/hackerearth348/Downloads/CourseItemManagement (1)/CourseItemManagement/backend/vendor/laravel/framework/src/Illuminate/Database/Eloquent/Builder.php(1128): Illuminate\\Database\\Eloquent\\Model->save()
#10 /home/hackerearth348/Downloads/CourseItemManagement (1)/CourseItemManagement/backend/vendor/laravel/framework/src/Illuminate/Support/helpers.php(399): Illuminate\\Database\\Eloquent\\Builder->{closure:Illuminate\\Database\\Eloquent\\Builder::create():1127}()
#11 /home/hackerearth348/Downloads/CourseItemManagement (1)/CourseItemManagement/backend/vendor/laravel/framework/src/Illuminate/Database/Eloquent/Builder.php(1127): tap()
#12 /home/hackerearth348/Downloads/CourseItemManagement (1)/CourseItemManagement/backend/vendor/laravel/framework/src/Illuminate/Support/Traits/ForwardsCalls.php(23): Illuminate\\Database\\Eloquent\\Builder->create()
#13 /home/hackerearth348/Downloads/CourseItemManagement (1)/CourseItemManagement/backend/vendor/laravel/framework/src/Illuminate/Database/Eloquent/Model.php(2372): Illuminate\\Database\\Eloquent\\Model->forwardCallTo()
#14 /home/hackerearth348/Downloads/CourseItemManagement (1)/CourseItemManagement/backend/vendor/laravel/framework/src/Illuminate/Database/Eloquent/Model.php(2384): Illuminate\\Database\\Eloquent\\Model->__call()
#15 /home/hackerearth348/Downloads/CourseItemManagement (1)/CourseItemManagement/backend/app/Http/Controllers/ItemController.php(26): Illuminate\\Database\\Eloquent\\Model::__callStatic()
#16 /home/hackerearth348/Downloads/CourseItemManagement (1)/CourseItemManagement/backend/vendor/laravel/framework/src/Illuminate/Routing/Controller.php(54): App\\Http\\Controllers\\ItemController->store()
#17 /home/hackerearth348/Downloads/CourseItemManagement (1)/CourseItemManagement/backend/vendor/laravel/framework/src/Illuminate/Routing/ControllerDispatcher.php(44): Illuminate\\Routing\\Controller->callAction()
#18 /home/hackerearth348/Downloads/CourseItemManagement (1)/CourseItemManagement/backend/vendor/laravel/framework/src/Illuminate/Routing/Route.php(266): Illuminate\\Routing\\ControllerDispatcher->dispatch()
#19 /home/hackerearth348/Downloads/CourseItemManagement (1)/CourseItemManagement/backend/vendor/laravel/framework/src/Illuminate/Routing/Route.php(212): Illuminate\\Routing\\Route->runController()
#20 /home/hackerearth348/Downloads/CourseItemManagement (1)/CourseItemManagement/backend/vendor/laravel/framework/src/Illuminate/Routing/Router.php(808): Illuminate\\Routing\\Route->run()
#21 /home/hackerearth348/Downloads/CourseItemManagement (1)/CourseItemManagement/backend/vendor/laravel/framework/src/Illuminate/Pipeline/Pipeline.php(170): Illuminate\\Routing\\Router->{closure:Illuminate\\Routing\\Router::runRouteWithinStack():807}()
#22 /home/hackerearth348/Downloads/CourseItemManagement (1)/CourseItemManagement/backend/vendor/laravel/framework/src/Illuminate/Routing/Middleware/SubstituteBindings.php(51): Illuminate\\Pipeline\\Pipeline->{closure:Illuminate\\Pipeline\\Pipeline::prepareDestination():168}()
#23 /home/hackerearth348/Downloads/CourseItemManagement (1)/CourseItemManagement/backend/vendor/laravel/framework/src/Illuminate/Pipeline/Pipeline.php(209): Illuminate\\Routing\\Middleware\\SubstituteBindings->handle()
#24 /home/hackerearth348/Downloads/CourseItemManagement (1)/CourseItemManagement/backend/vendor/laravel/framework/src/Illuminate/Routing/Middleware/ThrottleRequests.php(161): Illuminate\\Pipeline\\Pipeline->{closure:{closure:Illuminate\\Pipeline\\Pipeline::carry():184}:185}()
#25 /home/hackerearth348/Downloads/CourseItemManagement (1)/CourseItemManagement/backend/vendor/laravel/framework/src/Illuminate/Routing/Middleware/ThrottleRequests.php(127): Illuminate\\Routing\\Middleware\\ThrottleRequests->handleRequest()
#26 /home/hackerearth348/Downloads/CourseItemManagement (1)/CourseItemManagement/backend/vendor/laravel/framework/src/Illuminate/Routing/Middleware/ThrottleRequests.php(89): Illuminate\\Routing\\Middleware\\ThrottleRequests->handleRequestUsingNamedLimiter()
#27 /home/hackerearth348/Downloads/CourseItemManagement (1)/CourseItemManagement/backend/vendor/laravel/framework/src/Illuminate/Pipeline/Pipeline.php(209): Illuminate\\Routing\\Middleware\\ThrottleRequests->handle()
#28 /home/hackerearth348/Downloads/CourseItemManagement (1)/CourseItemManagement/backend/vendor/laravel/framework/src/Illuminate/Pipeline/Pipeline.php(127): Illuminate\\Pipeline\\Pipeline->{closure:{closure:Illuminate\\Pipeline\\Pipeline::carry():184}:185}()
#29 /home/hackerearth348/Downloads/CourseItemManagement (1)/CourseItemManagement/backend/vendor/laravel/framework/src/Illuminate/Routing/Router.php(807): Illuminate\\Pipeline\\Pipeline->then()
#30 /home/hackerearth348/Downloads/CourseItemManagement (1)/CourseItemManagement/backend/vendor/laravel/framework/src/Illuminate/Routing/Router.php(786): Illuminate\\Routing\\Router->runRouteWithinStack()
#31 /home/hackerearth348/Downloads/CourseItemManagement (1)/CourseItemManagement/backend/vendor/laravel/framework/src/Illuminate/Routing/Router.php(750): Illuminate\\Routing\\Router->runRoute()
#32 /home/hackerearth348/Downloads/CourseItemManagement (1)/CourseItemManagement/backend/vendor/laravel/framework/src/Illuminate/Routing/Router.php(739): Illuminate\\Routing\\Router->dispatchToRoute()
#33 /home/hackerearth348/Downloads/CourseItemManagement (1)/CourseItemManagement/backend/vendor/laravel/framework/src/Illuminate/Foundation/Http/Kernel.php(201): Illuminate\\Routing\\Router->dispatch()
#34 /home/hackerearth348/Downloads/CourseItemManagement (1)/CourseItemManagement/backend/vendor/laravel/framework/src/Illuminate/Pipeline/Pipeline.php(170): Illuminate\\Foundation\\Http\\Kernel->{closure:Illuminate\\Foundation\\Http\\Kernel::dispatchToRouter():198}()
#35 /home/hackerearth348/Downloads/CourseItemManagement (1)/CourseItemManagement/backend/vendor/laravel/framework/src/Illuminate/Foundation/Http/Middleware/TransformsRequest.php(21): Illuminate\\Pipeline\\Pipeline->{closure:Illuminate\\Pipeline\\Pipeline::prepareDestination():168}()
#36 /home/hackerearth348/Downloads/CourseItemManagement (1)/CourseItemManagement/backend/vendor/laravel/framework/src/Illuminate/Foundation/Http/Middleware/ConvertEmptyStringsToNull.php(31): Illuminate\\Foundation\\Http\\Middleware\\TransformsRequest->handle()
#37 /home/hackerearth348/Downloads/CourseItemManagement (1)/CourseItemManagement/backend/vendor/laravel/framework/src/Illuminate/Pipeline/Pipeline.php(209): Illuminate\\Foundation\\Http\\Middleware\\ConvertEmptyStringsToNull->handle()
#38 /home/hackerearth348/Downloads/CourseItemManagement (1)/CourseItemManagement/backend/vendor/laravel/framework/src/Illuminate/Foundation/Http/Middleware/TransformsRequest.php(21): Illuminate\\Pipeline\\Pipeline->{closure:{closure:Illuminate\\Pipeline\\Pipeline::carry():184}:185}()
#39 /home/hackerearth348/Downloads/CourseItemManagement (1)/CourseItemManagement/backend/vendor/laravel/framework/src/Illuminate/Foundation/Http/Middleware/TrimStrings.php(51): Illuminate\\Foundation\\Http\\Middleware\\TransformsRequest->handle()
#40 /home/hackerearth348/Downloads/CourseItemManagement (1)/CourseItemManagement/backend/vendor/laravel/framework/src/Illuminate/Pipeline/Pipeline.php(209): Illuminate\\Foundation\\Http\\Middleware\\TrimStrings->handle()
#41 /home/hackerearth348/Downloads/CourseItemManagement (1)/CourseItemManagement/backend/vendor/laravel/framework/src/Illuminate/Http/Middleware/ValidatePostSize.php(27): Illuminate\\Pipeline\\Pipeline->{closure:{closure:Illuminate\\Pipeline\\Pipeline::carry():184}:185}()
#42 /home/hackerearth348/Downloads/CourseItemManagement (1)/CourseItemManagement/backend/vendor/laravel/framework/src/Illuminate/Pipeline/Pipeline.php(209): Illuminate\\Http\\Middleware\\ValidatePostSize->handle()
#43 /home/hackerearth348/Downloads/CourseItemManagement (1)/CourseItemManagement/backend/vendor/laravel/framework/src/Illuminate/Foundation/Http/Middleware/PreventRequestsDuringMaintenance.php(110): Illuminate\\Pipeline\\Pipeline->{closure:{closure:Illuminate\\Pipeline\\Pipeline::carry():184}:185}()
#44 /home/hackerearth348/Downloads/CourseItemManagement (1)/CourseItemManagement/backend/vendor/laravel/framework/src/Illuminate/Pipeline/Pipeline.php(209): Illuminate\\Foundation\\Http\\Middleware\\PreventRequestsDuringMaintenance->handle()
#45 /home/hackerearth348/Downloads/CourseItemManagement (1)/CourseItemManagement/backend/vendor/laravel/framework/src/Illuminate/Http/Middleware/TrustProxies.php(58): Illuminate\\Pipeline\\Pipeline->{closure:{closure:Illuminate\\Pipeline\\Pipeline::carry():184}:185}()
#46 /home/hackerearth348/Downloads/CourseItemManagement (1)/CourseItemManagement/backend/vendor/laravel/framework/src/Illuminate/Pipeline/Pipeline.php(209): Illuminate\\Http\\Middleware\\TrustProxies->handle()
#47 /home/hackerearth348/Downloads/CourseItemManagement (1)/CourseItemManagement/backend/vendor/laravel/framework/src/Illuminate/Pipeline/Pipeline.php(127): Illuminate\\Pipeline\\Pipeline->{closure:{closure:Illuminate\\Pipeline\\Pipeline::carry():184}:185}()
#48 /home/hackerearth348/Downloads/CourseItemManagement (1)/CourseItemManagement/backend/vendor/laravel/framework/src/Illuminate/Foundation/Http/Kernel.php(176): Illuminate\\Pipeline\\Pipeline->then()
#49 /home/hackerearth348/Downloads/CourseItemManagement (1)/CourseItemManagement/backend/vendor/laravel/framework/src/Illuminate/Foundation/Http/Kernel.php(145): Illuminate\\Foundation\\Http\\Kernel->sendRequestThroughRouter()
#50 /home/hackerearth348/Downloads/CourseItemManagement (1)/CourseItemManagement/backend/public/index.php(51): Illuminate\\Foundation\\Http\\Kernel->handle()
#51 /home/hackerearth348/Downloads/CourseItemManagement (1)/CourseItemManagement/backend/server.php(21): require_once('...')
#52 {main}

[previous exception] [object] (PDOException(code: 23000): SQLSTATE[23000]: Integrity constraint violation: 19 NOT NULL constraint failed: items.price at /home/hackerearth348/Downloads/CourseItemManagement (1)/CourseItemManagement/backend/vendor/laravel/framework/src/Illuminate/Database/Connection.php:571)
[stacktrace]
#0 /home/hackerearth348/Downloads/CourseItemManagement (1)/CourseItemManagement/backend/vendor/laravel/framework/src/Illuminate/Database/Connection.php(571): PDOStatement->execute()
#1 /home/hackerearth348/Downloads/CourseItemManagement (1)/CourseItemManagement/backend/vendor/laravel/framework/src/Illuminate/Database/Connection.php(812): Illuminate\\Database\\Connection->{closure:Illuminate\\Database\\Connection::statement():560}()
#2 /home/hackerearth348/Downloads/CourseItemManagement (1)/CourseItemManagement/backend/vendor/laravel/framework/src/Illuminate/Database/Connection.php(779): Illuminate\\Database\\Connection->runQueryCallback()
#3 /home/hackerearth348/Downloads/CourseItemManagement (1)/CourseItemManagement/backend/vendor/laravel/framework/src/Illuminate/Database/Connection.php(560): Illuminate\\Database\\Connection->run()
#4 /home/hackerearth348/Downloads/CourseItemManagement (1)/CourseItemManagement/backend/vendor/laravel/framework/src/Illuminate/Database/Connection.php(524): Illuminate\\Database\\Connection->statement()
#5 /home/hackerearth348/Downloads/CourseItemManagement (1)/CourseItemManagement/backend/vendor/laravel/framework/src/Illuminate/Database/Query/Processors/Processor.php(32): Illuminate\\Database\\Connection->insert()
#6 /home/hackerearth348/Downloads/CourseItemManagement (1)/CourseItemManagement/backend/vendor/laravel/framework/src/Illuminate/Database/Query/Builder.php(3766): Illuminate\\Database\\Query\\Processors\\Processor->processInsertGetId()
#7 /home/hackerearth348/Downloads/CourseItemManagement (1)/CourseItemManagement/backend/vendor/laravel/framework/src/Illuminate/Database/Eloquent/Builder.php(2120): Illuminate\\Database\\Query\\Builder->insertGetId()
#8 /home/hackerearth348/Downloads/CourseItemManagement (1)/CourseItemManagement/backend/vendor/laravel/framework/src/Illuminate/Database/Eloquent/Model.php(1359): Illuminate\\Database\\Eloquent\\Builder->__call()
#9 /home/hackerearth348/Downloads/CourseItemManagement (1)/CourseItemManagement/backend/vendor/laravel/framework/src/Illuminate/Database/Eloquent/Model.php(1324): Illuminate\\Database\\Eloquent\\Model->insertAndSetId()
#10 /home/hackerearth348/Downloads/CourseItemManagement (1)/CourseItemManagement/backend/vendor/laravel/framework/src/Illuminate/Database/Eloquent/Model.php(1163): Illuminate\\Database\\Eloquent\\Model->performInsert()
#11 /home/hackerearth348/Downloads/CourseItemManagement (1)/CourseItemManagement/backend/vendor/laravel/framework/src/Illuminate/Database/Eloquent/Builder.php(1128): Illuminate\\Database\\Eloquent\\Model->save()
#12 /home/hackerearth348/Downloads/CourseItemManagement (1)/CourseItemManagement/backend/vendor/laravel/framework/src/Illuminate/Support/helpers.php(399): Illuminate\\Database\\Eloquent\\Builder->{closure:Illuminate\\Database\\Eloquent\\Builder::create():1127}()
#13 /home/hackerearth348/Downloads/CourseItemManagement (1)/CourseItemManagement/backend/vendor/laravel/framework/src/Illuminate/Database/Eloquent/Builder.php(1127): tap()
#14 /home/hackerearth348/Downloads/CourseItemManagement (1)/CourseItemManagement/backend/vendor/laravel/framework/src/Illuminate/Support/Traits/ForwardsCalls.php(23): Illuminate\\Database\\Eloquent\\Builder->create()
#15 /home/hackerearth348/Downloads/CourseItemManagement (1)/CourseItemManagement/backend/vendor/laravel/framework/src/Illuminate/Database/Eloquent/Model.php(2372): Illuminate\\Database\\Eloquent\\Model->forwardCallTo()
#16 /home/hackerearth348/Downloads/CourseItemManagement (1)/CourseItemManagement/backend/vendor/laravel/framework/src/Illuminate/Database/Eloquent/Model.php(2384): Illuminate\\Database\\Eloquent\\Model->__call()
#17 /home/hackerearth348/Downloads/CourseItemManagement (1)/CourseItemManagement/backend/app/Http/Controllers/ItemController.php(26): Illuminate\\Database\\Eloquent\\Model::__callStatic()
#18 /home/hackerearth348/Downloads/CourseItemManagement (1)/CourseItemManagement/backend/vendor/laravel/framework/src/Illuminate/Routing/Controller.php(54): App\\Http\\Controllers\\ItemController->store()
#19 /home/hackerearth348/Downloads/CourseItemManagement (1)/CourseItemManagement/backend/vendor/laravel/framework/src/Illuminate/Routing/ControllerDispatcher.php(44): Illuminate\\Routing\\Controller->callAction()
#20 /home/hackerearth348/Downloads/CourseItemManagement (1)/CourseItemManagement/backend/vendor/laravel/framework/src/Illuminate/Routing/Route.php(266): Illuminate\\Routing\\ControllerDispatcher->dispatch()
#21 /home/hackerearth348/Downloads/CourseItemManagement (1)/CourseItemManagement/backend/vendor/laravel/framework/src/Illuminate/Routing/Route.php(212): Illuminate\\Routing\\Route->runController()
#22 /home/hackerearth348/Downloads/CourseItemManagement (1)/CourseItemManagement/backend/vendor/laravel/framework/src/Illuminate/Routing/Router.php(808): Illuminate\\Routing\\Route->run()
#23 /home/hackerearth348/Downloads/CourseItemManagement (1)/CourseItemManagement/backend/vendor/laravel/framework/src/Illuminate/Pipeline/Pipeline.php(170): Illuminate\\Routing\\Router->{closure:Illuminate\\Routing\\Router::runRouteWithinStack():807}()
#24 /home/hackerearth348/Downloads/CourseItemManagement (1)/CourseItemManagement/backend/vendor/laravel/framework/src/Illuminate/Routing/Middleware/SubstituteBindings.php(51): Illuminate\\Pipeline\\Pipeline->{closure:Illuminate\\Pipeline\\Pipeline::prepareDestination():168}()
#25 /home/hackerearth348/Downloads/CourseItemManagement (1)/CourseItemManagement/backend/vendor/laravel/framework/src/Illuminate/Pipeline/Pipeline.php(209): Illuminate\\Routing\\Middleware\\SubstituteBindings->handle()
#26 /home/hackerearth348/Downloads/CourseItemManagement (1)/CourseItemManagement/backend/vendor/laravel/framework/src/Illuminate/Routing/Middleware/ThrottleRequests.php(161): Illuminate\\Pipeline\\Pipeline->{closure:{closure:Illuminate\\Pipeline\\Pipeline::carry():184}:185}()
#27 /home/hackerearth348/Downloads/CourseItemManagement (1)/CourseItemManagement/backend/vendor/laravel/framework/src/Illuminate/Routing/Middleware/ThrottleRequests.php(127): Illuminate\\Routing\\Middleware\\ThrottleRequests->handleRequest()
#28 /home/hackerearth348/Downloads/CourseItemManagement (1)/CourseItemManagement/backend/vendor/laravel/framework/src/Illuminate/Routing/Middleware/ThrottleRequests.php(89): Illuminate\\Routing\\Middleware\\ThrottleRequests->handleRequestUsingNamedLimiter()
#29 /home/hackerearth348/Downloads/CourseItemManagement (1)/CourseItemManagement/backend/vendor/laravel/framework/src/Illuminate/Pipeline/Pipeline.php(209): Illuminate\\Routing\\Middleware\\ThrottleRequests->handle()
#30 /home/hackerearth348/Downloads/CourseItemManagement (1)/CourseItemManagement/backend/vendor/laravel/framework/src/Illuminate/Pipeline/Pipeline.php(127): Illuminate\\Pipeline\\Pipeline->{closure:{closure:Illuminate\\Pipeline\\Pipeline::carry():184}:185}()
#31 /home/hackerearth348/Downloads/CourseItemManagement (1)/CourseItemManagement/backend/vendor/laravel/framework/src/Illuminate/Routing/Router.php(807): Illuminate\\Pipeline\\Pipeline->then()
#32 /home/hackerearth348/Downloads/CourseItemManagement (1)/CourseItemManagement/backend/vendor/laravel/framework/src/Illuminate/Routing/Router.php(786): Illuminate\\Routing\\Router->runRouteWithinStack()
#33 /home/hackerearth348/Downloads/CourseItemManagement (1)/CourseItemManagement/backend/vendor/laravel/framework/src/Illuminate/Routing/Router.php(750): Illuminate\\Routing\\Router->runRoute()
#34 /home/hackerearth348/Downloads/CourseItemManagement (1)/CourseItemManagement/backend/vendor/laravel/framework/src/Illuminate/Routing/Router.php(739): Illuminate\\Routing\\Router->dispatchToRoute()
#35 /home/hackerearth348/Downloads/CourseItemManagement (1)/CourseItemManagement/backend/vendor/laravel/framework/src/Illuminate/Foundation/Http/Kernel.php(201): Illuminate\\Routing\\Router->dispatch()
#36 /home/hackerearth348/Downloads/CourseItemManagement (1)/CourseItemManagement/backend/vendor/laravel/framework/src/Illuminate/Pipeline/Pipeline.php(170): Illuminate\\Foundation\\Http\\Kernel->{closure:Illuminate\\Foundation\\Http\\Kernel::dispatchToRouter():198}()
#37 /home/hackerearth348/Downloads/CourseItemManagement (1)/CourseItemManagement/backend/vendor/laravel/framework/src/Illuminate/Foundation/Http/Middleware/TransformsRequest.php(21): Illuminate\\Pipeline\\Pipeline->{closure:Illuminate\\Pipeline\\Pipeline::prepareDestination():168}()
#38 /home/hackerearth348/Downloads/CourseItemManagement (1)/CourseItemManagement/backend/vendor/laravel/framework/src/Illuminate/Foundation/Http/Middleware/ConvertEmptyStringsToNull.php(31): Illuminate\\Foundation\\Http\\Middleware\\TransformsRequest->handle()
#39 /home/hackerearth348/Downloads/CourseItemManagement (1)/CourseItemManagement/backend/vendor/laravel/framework/src/Illuminate/Pipeline/Pipeline.php(209): Illuminate\\Foundation\\Http\\Middleware\\ConvertEmptyStringsToNull->handle()
#40 /home/hackerearth348/Downloads/CourseItemManagement (1)/CourseItemManagement/backend/vendor/laravel/framework/src/Illuminate/Foundation/Http/Middleware/TransformsRequest.php(21): Illuminate\\Pipeline\\Pipeline->{closure:{closure:Illuminate\\Pipeline\\Pipeline::carry():184}:185}()
#41 /home/hackerearth348/Downloads/CourseItemManagement (1)/CourseItemManagement/backend/vendor/laravel/framework/src/Illuminate/Foundation/Http/Middleware/TrimStrings.php(51): Illuminate\\Foundation\\Http\\Middleware\\TransformsRequest->handle()
#42 /home/hackerearth348/Downloads/CourseItemManagement (1)/CourseItemManagement/backend/vendor/laravel/framework/src/Illuminate/Pipeline/Pipeline.php(209): Illuminate\\Foundation\\Http\\Middleware\\TrimStrings->handle()
#43 /home/hackerearth348/Downloads/CourseItemManagement (1)/CourseItemManagement/backend/vendor/laravel/framework/src/Illuminate/Http/Middleware/ValidatePostSize.php(27): Illuminate\\Pipeline\\Pipeline->{closure:{closure:Illuminate\\Pipeline\\Pipeline::carry():184}:185}()
#44 /home/hackerearth348/Downloads/CourseItemManagement (1)/CourseItemManagement/backend/vendor/laravel/framework/src/Illuminate/Pipeline/Pipeline.php(209): Illuminate\\Http\\Middleware\\ValidatePostSize->handle()
#45 /home/hackerearth348/Downloads/CourseItemManagement (1)/CourseItemManagement/backend/vendor/laravel/framework/src/Illuminate/Foundation/Http/Middleware/PreventRequestsDuringMaintenance.php(110): Illuminate\\Pipeline\\Pipeline->{closure:{closure:Illuminate\\Pipeline\\Pipeline::carry():184}:185}()
#46 /home/hackerearth348/Downloads/CourseItemManagement (1)/CourseItemManagement/backend/vendor/laravel/framework/src/Illuminate/Pipeline/Pipeline.php(209): Illuminate\\Foundation\\Http\\Middleware\\PreventRequestsDuringMaintenance->handle()
#47 /home/hackerearth348/Downloads/CourseItemManagement (1)/CourseItemManagement/backend/vendor/laravel/framework/src/Illuminate/Http/Middleware/TrustProxies.php(58): Illuminate\\Pipeline\\Pipeline->{closure:{closure:Illuminate\\Pipeline\\Pipeline::carry():184}:185}()
#48 /home/hackerearth348/Downloads/CourseItemManagement (1)/CourseItemManagement/backend/vendor/laravel/framework/src/Illuminate/Pipeline/Pipeline.php(209): Illuminate\\Http\\Middleware\\TrustProxies->handle()
#49 /home/hackerearth348/Downloads/CourseItemManagement (1)/CourseItemManagement/backend/vendor/laravel/framework/src/Illuminate/Pipeline/Pipeline.php(127): Illuminate\\Pipeline\\Pipeline->{closure:{closure:Illuminate\\Pipeline\\Pipeline::carry():184}:185}()
#50 /home/hackerearth348/Downloads/CourseItemManagement (1)/CourseItemManagement/backend/vendor/laravel/framework/src/Illuminate/Foundation/Http/Kernel.php(176): Illuminate\\Pipeline\\Pipeline->then()
#51 /home/hackerearth348/Downloads/CourseItemManagement (1)/CourseItemManagement/backend/vendor/laravel/framework/src/Illuminate/Foundation/Http/Kernel.php(145): Illuminate\\Foundation\\Http\\Kernel->sendRequestThroughRouter()
#52 /home/hackerearth348/Downloads/CourseItemManagement (1)/CourseItemManagement/backend/public/index.php(51): Illuminate\\Foundation\\Http\\Kernel->handle()
#53 /home/hackerearth348/Downloads/CourseItemManagement (1)/CourseItemManagement/backend/server.php(21): require_once('...')
#54 {main}
"} 
